status,value,system_cost,co2_emissions,main mean demand,main energy weighted price,ev1 mean demand,ev1 energy weighted price,ev2 mean demand,ev2 energy weighted price,price closure,scenario,demand series,demand_ev1 series,demand_ev2 series,lost_load dispatch,main_node_curtailment dispatch,fossgas capacity,fossgas dispatch,solar series,solar capacity,wind series,wind capacity,storage_ev1 capacity,storage_ev1 dispatch,storage_ev1 stored,storage_ev2 capacity,storage_ev2 dispatch,storage_ev2 stored,storage capacity,storage dispatch,storage stored,transfer capacity,transfer dispatch,fossgas curtailment,ev demand,total demand,ev load fraction
optimal,793.3415468378151,0.09031666061450537,1226.975472000002,1,0.1447600976246803,0,0,0.01,0.1383244809814828,-0.05582668181998975,Mike_EV\EV2_Gas_Sol_Wnd_evLoad0p01\EV2_Gas_Sol_Wnd_evLoad0p01_20220304-220315.xlsx,1.0,0.0,0.01,0.0,0.1393084304759034,0.9888361474743259,0.3030000000000004,0.1201540762750455,1.740281671262073,0.2721436232923498,2.358554137628259,0.0,0.0,0.0,2.2235,0.0418865031007845,0.442713439305953,0.0,0.0,0.0,0.4222884343478744,0.03188650310078451,0.6858361474743254,0.0,1.0,0.0
optimal,770.4885243624368,0.08771499594290036,1239.123743999998,1,0.1322839221836423,0,0,0.02,0.1305802038343417,-0.04718053031742875,Mike_EV\EV2_Gas_Sol_Wnd_evLoad0p02\EV2_Gas_Sol_Wnd_evLoad0p02_20220304-220650.xlsx,1.0,0.0,0.02,0.0,0.08514939107990745,0.9376440499471497,0.3059999999999996,0.1201540762750455,2.012915418383919,0.2721436232923498,2.076158079253387,0.0,0.0,0.0,4.447,0.06942289478476554,0.9115987883416837,0.0,0.0,0.0,0.5964162158162383,0.04942289478476555,0.6316440499471501,0.0,1.0,0.0
optimal,761.3916668000464,0.08667937918944062,1251.272016,1,0.1262342465308216,0,0,0.03,0.1278966414997605,-0.0433917665863738,Mike_EV\EV2_Gas_Sol_Wnd_evLoad0p03\EV2_Gas_Sol_Wnd_evLoad0p03_20220304-221035.xlsx,1.0,0.0,0.03,0.0,0.06330769608626291,0.8964580811322714,0.3090000000000002,0.1201540762750455,2.085471655934185,0.2721436232923498,1.995823698508722,0.0,0.0,0.0,6.6705,0.08464246272973744,1.457911270698143,0.0,0.0,0.0,0.6799078179023981,0.05464246272973745,0.5874580811322715,0.0,1.0,0.0
optimal,758.1951030326844,0.08631547165672637,1263.420288000003,1,0.1230354801414383,0,0,0.03999999999999999,0.1258019753140601,-0.0417520874972743,Mike_EV\EV2_Gas_Sol_Wnd_evLoad0p04\EV2_Gas_Sol_Wnd_evLoad0p04_20220304-221411.xlsx,1.0,0.0,0.03999999999999999,0.0,0.05198693551716188,0.868257626567658,0.3120000000000007,0.1201540762750455,2.108122555296737,0.2721436232923498,1.974175498186495,0.0,0.0,0.0,8.894,0.09492778614332346,2.189167817115622,0.0,0.0,0.0,0.6999783727790596,0.05492778614332346,0.5562576265676574,0.0,1.0,0.0
optimal,757.8219058906004,0.08627298564328328,1275.568560000001,1,0.1203169855403243,0,0,0.05,0.1226496302956062,-0.04017648141182131,Mike_EV\EV2_Gas_Sol_Wnd_evLoad0p05\EV2_Gas_Sol_Wnd_evLoad0p05_20220304-221757.xlsx,1.0,0.0,0.05,0.0,0.05707810969166104,0.853018796324023,0.3150000000000002,0.1201540762750455,1.913341489149511,0.2721436232923498,2.105500759662183,0.0,0.0,0.0,11.1175,0.09704681843062288,2.996576050992783,0.0,0.0,0.0,0.9524694986711209,0.04704681843062286,0.5380187963240228,0.0,1.0,0.0
optimal,758.7135170191295,0.08637448964243279,1287.716832000005,1,0.119667057930699,0,0,0.06000000000000001,0.122212508708224,-0.04062531881075963,Mike_EV\EV2_Gas_Sol_Wnd_evLoad0p06\EV2_Gas_Sol_Wnd_evLoad0p06_20220304-222121.xlsx,1.0,0.0,0.06000000000000001,0.0,0.05425548340266823,0.8416526663431304,0.3180000000000011,0.1201540762750455,1.863028573026956,0.2721436232923498,2.146143107718344,0.0,0.0,0.0,13.341,0.1045190649224007,3.683327935918192,0.0,0.0,0.0,0.9502772051530815,0.04451906492240069,0.5236526663431292,0.0,1.0,0.0
optimal,759.9700176296293,0.08651753388315452,1299.865103999997,1,0.1187936633203986,0,0,0.06999999999999999,0.1214314122161925,-0.04077632829237755,Mike_EV\EV2_Gas_Sol_Wnd_evLoad0p07\EV2_Gas_Sol_Wnd_evLoad0p07_20220304-222452.xlsx,1.0,0.0,0.06999999999999999,0.0,0.04993143809386461,0.8305699792255076,0.3209999999999991,0.1201540762750455,1.844407836642981,0.2721436232923498,2.16763503540425,0.0,0.0,0.0,15.5645,0.112854485225525,4.531234995002086,0.0,0.0,0.0,0.9716543289292116,0.04285448522552502,0.5095699792255084,0.0,1.0,0.0
optimal,762.2155648407894,0.08677317450373286,1312.013376000002,1,0.1171729472414152,0,0,0.08,0.1211724460762341,-0.04009356842378102,Mike_EV\EV2_Gas_Sol_Wnd_evLoad0p08\EV2_Gas_Sol_Wnd_evLoad0p08_20220304-222814.xlsx,1.0,0.0,0.08,0.0,0.05282556777393769,0.8183466141962364,0.3240000000000005,0.1201540762750455,1.735879670610919,0.2721436232923498,2.254561411028552,0.0,0.0,0.0,17.788,0.1192873540924827,5.203030558580696,0.0,0.0,0.0,1.03104525671416,0.03928735409248268,0.4943466141962359,0.0,1.0,0.0
optimal,764.9116213461666,0.0870801026122685,1324.161648000001,1,0.1167154899643856,0,0,0.09,0.1212045149664124,-0.04054379369909422,Mike_EV\EV2_Gas_Sol_Wnd_evLoad0p09\EV2_Gas_Sol_Wnd_evLoad0p09_20220304-223122.xlsx,1.0,0.0,0.09,0.0,0.055784186523383,0.80603056502269,0.3270000000000003,0.1201540762750455,1.635396270969012,0.2721436232923498,2.338645554208047,0.0,0.0,0.0,20.0115,0.1268831870959171,5.821611995704838,0.0,0.0,0.0,1.02234221155851,0.03688318709591716,0.4790305650226896,0.0,1.0,0.0
optimal,867.3581233953778,0.09874295575994738,1214.827201214822,1,0.1676950453884548,0,0,9.999999999999999e-10,0.1506153974405368,-0.06895208977912287,Mike_EV\EV2_Gas_Sol_Wnd_evLoad0p0\EV2_Gas_Sol_Wnd_evLoad0p0_20220304-215926.xlsx,1.0,0.0,9.999999999999999e-10,2.05233403838969e-05,0.2677452761368549,1.171187182068685,0.3000000002999986,0.1201540762750455,1.180308359448897,0.2721436232923498,3.034815751998082,0.0,0.0,0.0,2.2235e-07,1.380737208172825e-07,0.0,0.0,0.0,0.0,0.0,1.370737208172825e-07,0.8711871817686866,0.0,1.0,0.0
optimal,770.9084871300743,0.0877628059118937,1348.458192000004,1,0.115694645885419,0,0,0.11,0.1204921652461806,-0.04118597815060518,Mike_EV\EV2_Gas_Sol_Wnd_evLoad0p11\EV2_Gas_Sol_Wnd_evLoad0p11_20220304-223754.xlsx,1.0,0.0,0.11,0.0,0.06034196209759667,0.7814552140577964,0.3330000000000011,0.1201540762750455,1.467671207011944,0.2721436232923498,2.48804538571723,0.0,0.0,0.0,24.4585,0.1442564725545691,7.371476171762185,0.0,0.0,0.0,1.006878731397983,0.03425647255456905,0.4484552140577953,0.0,1.0,0.0
optimal,774.4078430808638,0.08816118432159196,1360.606463999995,1,0.1139264209195064,0,0,0.12,0.1212633821869412,-0.04031684246034738,Mike_EV\EV2_Gas_Sol_Wnd_evLoad0p12\EV2_Gas_Sol_Wnd_evLoad0p12_20220304-224121.xlsx,1.0,0.0,0.12,0.0,0.06291413101146573,0.7696491179263313,0.3359999999999987,0.1201540762750455,1.389922861528643,0.2721436232923498,2.561173273527814,0.0,0.0,0.0,26.682,0.1530472597434781,8.324096746916148,0.0,0.0,0.0,0.9993097024980369,0.03304725974347812,0.4336491179263325,0.0,1.0,0.0
optimal,779.0519608423136,0.08868988625254026,1372.754736,1,0.1127555315348159,0,0,0.13,0.1204926994343145,-0.03972969620873651,Mike_EV\EV2_Gas_Sol_Wnd_evLoad0p13\EV2_Gas_Sol_Wnd_evLoad0p13_20220304-224452.xlsx,1.0,0.0,0.13,0.0,0.06588868695747421,0.7661646310401304,0.3389999999999999,0.1201540762750455,1.315882314219682,0.2721436232923498,2.634014764164017,0.0,0.0,0.0,28.9055,0.1615451078006197,9.072206739901073,0.0,0.0,0.0,0.9917703168512273,0.03154510780061966,0.4271646310401305,0.0,1.0,0.0
optimal,783.8645887125138,0.08923777193903845,1384.903008,1,0.1123474422841158,0,0,0.14,0.1205340681863546,-0.03998443989116698,Mike_EV\EV2_Gas_Sol_Wnd_evLoad0p14\EV2_Gas_Sol_Wnd_evLoad0p14_20220304-224823.xlsx,1.0,0.0,0.14,0.0,0.06896570819953546,0.7626479258282703,0.342,0.1201540762750455,1.243267154300679,0.2721436232923498,2.706839441296198,0.0,0.0,0.0,31.129,0.1706341859261775,9.688276958143579,0.0,0.0,0.0,0.9842326714693381,0.03063418592617748,0.4206479258282703,0.0,1.0,0.0
optimal,788.9678326293257,0.08981874233029664,1397.05128,1,0.1119700511904528,0,0,0.15,0.1201958361808155,-0.04018068428727849,Mike_EV\EV2_Gas_Sol_Wnd_evLoad0p15\EV2_Gas_Sol_Wnd_evLoad0p15_20220304-225156.xlsx,1.0,0.0,0.15,0.0,0.06522164228879747,0.7600758238857658,0.3449999999999999,0.1201540762750455,1.289196096214188,0.2721436232923498,2.702281346023446,0.0,0.0,0.0,33.3525,0.1797725709058966,10.29873156364133,0.0,0.0,0.0,0.984704452562449,0.02977257090589659,0.4150758238857657,0.0,1.0,0.0
optimal,794.2718532144929,0.0904225698103931,1409.199552,1,0.1103611592629184,0,0,0.16,0.1183947970127439,-0.03888175697456431,Mike_EV\EV2_Gas_Sol_Wnd_evLoad0p16\EV2_Gas_Sol_Wnd_evLoad0p16_20220304-225542.xlsx,1.0,0.0,0.16,0.0,0.04767345714818345,0.7605485344277665,0.348,0.1201540762750455,1.561789279545602,0.2721436232923498,2.547243688796973,0.0,0.0,0.0,35.576,0.1896454327341505,11.36728812848444,0.0,0.0,0.0,1.000751470236018,0.0296454327341506,0.4125485344277664,0.0,1.0,0.0
optimal,799.9762384360605,0.09107197614253876,1421.347823999999,1,0.1101023490526892,0,0,0.17,0.1184592666930449,-0.03916844824796806,Mike_EV\EV2_Gas_Sol_Wnd_evLoad0p17\EV2_Gas_Sol_Wnd_evLoad0p17_20220304-225927.xlsx,1.0,0.0,0.17,0.0,0.04456246691637397,0.7641842402644556,0.3509999999999995,0.1201540762750455,1.598145370787189,0.2721436232923498,2.549274916193033,0.0,0.0,0.0,37.7995,0.1989140907799657,11.57046143903698,0.0,0.0,0.0,1.000541230075616,0.02891409077996566,0.4131842402644561,0.0,1.0,0.0
optimal,805.7158108840797,0.09172538830647538,1433.496096000004,1,0.1099269821622347,0,0,0.18,0.1185111599854082,-0.03953360265313281,Mike_EV\EV2_Gas_Sol_Wnd_evLoad0p18\EV2_Gas_Sol_Wnd_evLoad0p18_20220304-230316.xlsx,1.0,0.0,0.18,0.0,0.0477211181354023,0.7676866636366015,0.3540000000000009,0.1201540762750455,1.531841889366181,0.2721436232923498,2.619540469665148,0.0,0.0,0.0,40.023,0.2078802190788746,11.64255628998139,0.0,0.0,0.0,0.9932684642290383,0.02788021907887465,0.4136866636366005,0.0,1.0,0.0
optimal,811.494767172028,0.09238328405874635,1445.644367999999,1,0.1096865239648764,0,0,0.19,0.1185668343251615,-0.03983093842791077,Mike_EV\EV2_Gas_Sol_Wnd_evLoad0p19\EV2_Gas_Sol_Wnd_evLoad0p19_20220304-230652.xlsx,1.0,0.0,0.19,0.0,0.05119562691203088,0.7711772888088978,0.3569999999999997,0.1201540762750455,1.460663240711858,0.2721436232923498,2.693253015289395,0.0,0.0,0.0,42.2465,0.2171716648977315,11.74181038944308,0.0,0.0,0.0,0.9856389209067462,0.02717166489773149,0.4141772888088981,0.0,1.0,0.0
optimal,767.7651379540724,0.08740495650661116,1336.309920000002,1,0.1158085027315174,0,0,0.09999999999999999,0.1206222267468929,-0.04046576889959551,Mike_EV\EV2_Gas_Sol_Wnd_evLoad0p1\EV2_Gas_Sol_Wnd_evLoad0p1_20220304-223438.xlsx,1.0,0.0,0.09999999999999999,0.0,0.05803940816141351,0.7937743395856828,0.3300000000000006,0.1201540762750455,1.548412519011535,0.2721436232923498,2.414613228245082,0.0,0.0,0.0,22.235,0.1355233803644711,6.489644720285511,0.0,0.0,0.0,1.014479253424981,0.03552338036447112,0.4637743395856823,0.0,1.0,0.0
optimal,823.133785201807,0.09370830887998713,1469.940911999998,1,0.1094795528373396,0,0,0.21,0.11864073030204,-0.04068579732078093,Mike_EV\EV2_Gas_Sol_Wnd_evLoad0p21\EV2_Gas_Sol_Wnd_evLoad0p21_20220304-231429.xlsx,1.0,0.0,0.21,0.0,0.05773132087175814,0.7781495303983419,0.3629999999999995,0.1201540762750455,1.32626671583685,0.2721436232923498,2.835849666372712,0.0,0.0,0.0,46.6935,0.2362416476652834,12.09263581968999,0.0,0.0,0.0,0.9708795971330186,0.02624164766528344,0.4151495303983423,0.0,1.0,0.0
optimal,828.9891027786124,0.09437489785731015,1482.089183999999,1,0.1094351523019466,0,0,0.22,0.1186750021403324,-0.04116875491550961,Mike_EV\EV2_Gas_Sol_Wnd_evLoad0p22\EV2_Gas_Sol_Wnd_evLoad0p22_20220304-231759.xlsx,1.0,0.0,0.22,0.0,0.06065050284441802,0.7816356820570795,0.3659999999999997,0.1201540762750455,1.265516236801729,0.2721436232923498,2.90307204619082,0.0,0.0,0.0,48.917,0.2458936640028638,12.37128355179809,0.0,0.0,0.0,0.9639218119323252,0.02589366400286379,0.4156356820570797,0.0,1.0,0.0
optimal,834.8550073485641,0.09504269209341576,1494.237455999999,1,0.1093945905648909,0,0,0.23,0.1186998244502109,-0.04165285809502359,Mike_EV\EV2_Gas_Sol_Wnd_evLoad0p23\EV2_Gas_Sol_Wnd_evLoad0p23_20220304-232144.xlsx,1.0,0.0,0.23,0.0,0.06358075703097911,0.7851220214256414,0.3689999999999997,0.1201540762750455,1.204711717276818,0.2721436232923498,2.97038738554029,0.0,0.0,0.0,51.1405,0.255608161258115,12.72108712575237,0.0,0.0,0.0,0.9569544050482975,0.02560816125811503,0.4161220214256416,0.0,1.0,0.0
optimal,840.7284654712527,0.09571134625128104,1506.385727999998,1,0.1093617754477178,0,0,0.24,0.1187243924073598,-0.0421442833742031,Mike_EV\EV2_Gas_Sol_Wnd_evLoad0p24\EV2_Gas_Sol_Wnd_evLoad0p24_20220304-232528.xlsx,1.0,0.0,0.24,0.0,0.06651702728063895,0.7886118741282433,0.3719999999999994,0.1201540762750455,1.1438555297098,0.2721436232923498,3.037776097559804,0.0,0.0,0.0,53.364,0.2653833988248058,13.16042196276687,0.0,0.0,0.0,0.9499794037994298,0.02538339882480577,0.4166118741282438,0.0,1.0,0.0
optimal,846.6139755816929,0.09638137244782478,1518.533999999996,1,0.1091561232867594,0,0,0.25,0.1187035312133389,-0.04245063364226938,Mike_EV\EV2_Gas_Sol_Wnd_evLoad0p25\EV2_Gas_Sol_Wnd_evLoad0p25_20220304-232902.xlsx,1.0,0.0,0.25,0.0,0.06945465311460126,0.792163045332121,0.3749999999999989,0.1201540762750455,1.08302691468565,0.2721436232923498,3.10518209573524,0.0,0.0,0.0,55.5875,0.2752123173867406,13.66249860731424,0.0,0.0,0.0,0.9430026133642795,0.02521231738674057,0.417163045332122,0.0,1.0,0.0
optimal,852.5289743020251,0.09705475572655112,1530.682271999996,1,0.1091084916422516,0,0,0.26,0.1187423947097608,-0.04292675854023825,Mike_EV\EV2_Gas_Sol_Wnd_evLoad0p26\EV2_Gas_Sol_Wnd_evLoad0p26_20220304-233250.xlsx,1.0,0.0,0.26,0.0,0.07239180052072595,0.7959868665576966,0.3779999999999991,0.1201540762750455,1.022250324829414,0.2721436232923498,3.172581331613661,0.0,0.0,0.0,57.811,0.2850813464097994,14.20349394442798,0.0,0.0,0.0,0.9360265228539194,0.02508134640979943,0.4179868665576975,0.0,1.0,0.0
optimal,858.4545580547382,0.09772934404083995,1542.830544,1,0.1090625895440448,0,0,0.2699999999999999,0.1187865691673797,-0.04340561917839734,Mike_EV\EV2_Gas_Sol_Wnd_evLoad0p27\EV2_Gas_Sol_Wnd_evLoad0p27_20220304-233621.xlsx,1.0,0.0,0.2699999999999999,0.0,0.07532938791640986,0.7998233997417338,0.3809999999999998,0.1201540762750455,0.9615697680402884,0.2721436232923498,3.239968084992754,0.0,0.0,0.0,60.0345,0.2950162762899273,14.7786375194195,0.0,0.0,0.0,0.9290517243321696,0.02501627628992729,0.4188233997417339,0.0,1.0,0.0
optimal,864.3900761797341,0.098405063317365,1554.978815999996,1,0.1090092502584891,0,0,0.2800000000000001,0.1187985737247017,-0.04386778758404057,Mike_EV\EV2_Gas_Sol_Wnd_evLoad0p28\EV2_Gas_Sol_Wnd_evLoad0p28_20220304-233955.xlsx,1.0,0.0,0.2800000000000001,0.0,0.07826930498370711,0.8036664789490484,0.3839999999999989,0.1201540762750455,0.9009842326645032,0.2721436232923498,3.307342487368558,0.0,0.0,0.0,62.258,0.3049992640445015,15.38856860694902,0.0,0.0,0.0,0.9220782041886646,0.02499926404450135,0.4196664789490495,0.0,1.0,0.0
optimal,870.337128746498,0.09908209571339914,1567.127087999997,1,0.1089474532850619,0,0,0.29,0.1187824919786835,-0.04431228024548096,Mike_EV\EV2_Gas_Sol_Wnd_evLoad0p29\EV2_Gas_Sol_Wnd_evLoad0p29_20220304-234337.xlsx,1.0,0.0,0.29,0.0,0.08118612371844934,0.8075113437614868,0.3869999999999991,0.1201540762750455,0.8409697614085953,0.2721436232923498,3.374400267094674,0.0,0.0,0.0,64.4815,0.3150295837829972,16.02442598972697,0.0,0.0,0.0,0.9151374557558926,0.02502958378299714,0.4205113437614877,0.0,1.0,0.0
optimal,817.2958649905719,0.09304370047706875,1457.792639999996,1,0.1096222493908369,0,0,0.2,0.1186180226307716,-0.04030215343992244,Mike_EV\EV2_Gas_Sol_Wnd_evLoad0p2\EV2_Gas_Sol_Wnd_evLoad0p2_20220304-231044.xlsx,1.0,0.0,0.2,0.0,0.05467271967670365,0.7746672467460383,0.3599999999999988,0.1201540762750455,1.38962176213825,0.2721436232923498,2.766994816082597,0.0,0.0,0.0,44.47,0.2266567553747968,11.87194266469717,0.0,0.0,0.0,0.9780063495574467,0.02665675537479684,0.4146672467460393,0.0,1.0,0.0
optimal,882.2647133553409,0.1004399719211454,1591.423631999997,1,0.1087234016332466,0,0,0.3099999999999999,0.1186684658156031,-0.0450706541149382,Mike_EV\EV2_Gas_Sol_Wnd_evLoad0p31\EV2_Gas_Sol_Wnd_evLoad0p31_20220304-235042.xlsx,1.0,0.0,0.3099999999999999,0.0,0.08701651833960404,0.8152116990309586,0.3929999999999992,0.1201540762750455,0.7214526844294383,0.2721436232923498,3.508349699160893,0.0,0.0,0.0,68.9285,0.3352591499915079,17.36502972432955,0.0,0.0,0.0,0.9672110913122985,0.0252591499915079,0.4222116990309596,0.0,1.0,0.0
optimal,888.315264881609,0.1011287869856112,1603.571903999992,1,0.108350325048945,0,0,0.3200000000000001,0.1184266004995398,-0.04511805022318655,Mike_EV\EV2_Gas_Sol_Wnd_evLoad0p32\EV2_Gas_Sol_Wnd_evLoad0p32_20220304-235417.xlsx,1.0,0.0,0.3200000000000001,0.0,0.08733442528646684,0.8189085872427475,0.395999999999998,0.1201540762750455,0.7077390018785579,0.2721436232923498,3.545373433192871,0.0,0.0,0.0,71.152,0.3451939680261361,17.92686828428558,0.0,0.0,0.0,1.084670194144195,0.02519396802613609,0.4229085872427494,0.0,1.0,0.0
optimal,894.4327251205312,0.1018252191621734,1615.720175999841,1,0.1068644469912561,0,0,0.33,0.1173376221772726,-0.04376064314758266,Mike_EV\EV2_Gas_Sol_Wnd_evLoad0p33\EV2_Gas_Sol_Wnd_evLoad0p33_20220304-235758.xlsx,1.0,0.0,0.33,0.0,0.08752383690184337,0.8225558993914752,0.3989999999999606,0.1201540762750455,0.6980537355375623,0.2721436232923498,3.580121185302686,0.0,0.0,0.0,73.3755,0.3550667696102766,18.49075073308282,0.0,0.0,0.0,1.082588213081031,0.02506676961027657,0.4235558993915147,0.0,1.0,0.0
optimal,900.7465333982583,0.1025440042575431,1627.868447999873,1,0.1068628213437903,0,0,0.3400000000000001,0.1173635395293485,-0.04422242052622571,Mike_EV\EV2_Gas_Sol_Wnd_evLoad0p34\EV2_Gas_Sol_Wnd_evLoad0p34_20220305-000137.xlsx,1.0,0.0,0.3400000000000001,0.0,0.08687777971002626,0.8260368367693001,0.4019999999999685,0.1201540762750455,0.7079219045496431,0.2721436232923498,3.60306347737903,0.0,0.0,0.0,75.599,0.3646900078954498,19.04044534703979,0.0,0.0,0.0,1.081213579766692,0.02469000789544975,0.4240368367693316,0.0,1.0,0.0
optimal,907.074407466216,0.1032643906496148,1640.016719999998,1,0.1061604547215813,0,0,0.35,0.1167221441985118,-0.04374881454144566,Mike_EV\EV2_Gas_Sol_Wnd_evLoad0p35\EV2_Gas_Sol_Wnd_evLoad0p35_20220305-000515.xlsx,1.0,0.0,0.35,0.0,0.08609582172466834,0.829506847361044,0.4049999999999995,0.1201540762750455,0.7203504843907225,0.2721436232923498,3.624391674196348,0.0,0.0,0.0,77.82249999999999,0.3743521649563157,19.5860495569506,0.0,0.0,0.0,1.079935658197989,0.02435216495631574,0.4245068473610444,0.0,1.0,0.0
optimal,913.6445392241794,0.104012356469055,1652.164991999992,1,0.1058045802274963,0,0,0.36,0.1165443322834776,-0.04374818338049317,Mike_EV\EV2_Gas_Sol_Wnd_evLoad0p36\EV2_Gas_Sol_Wnd_evLoad0p36_20220305-000845.xlsx,1.0,0.0,0.36,0.0,0.08408813154802464,0.8327738731560745,0.4079999999999982,0.1201540762750455,0.7596456229099825,0.2721436232923498,3.629334457873339,0.0,0.0,0.0,80.04599999999999,0.3839830355981587,19.96509072624448,0.0,0.0,0.0,1.150235223409551,0.02398303559815868,0.4247738731560766,0.0,1.0,0.0
optimal,920.2406087733224,0.1047632751335749,1664.313263999999,1,0.1057938039068856,0,0,0.37,0.1165951831207557,-0.04417074652799025,Mike_EV\EV2_Gas_Sol_Wnd_evLoad0p37\EV2_Gas_Sol_Wnd_evLoad0p37_20220305-001221.xlsx,1.0,0.0,0.37,0.0,0.0821049900401639,0.836033170355976,0.4109999999999996,0.1201540762750455,0.7992048737022399,0.2721436232923498,3.634249737107917,0.0,0.0,0.0,82.2695,0.3936105921586868,20.35030320072708,0.0,0.0,0.0,1.150005665123459,0.02361059215868683,0.4250331703559763,0.0,1.0,0.0
optimal,926.8404629531652,0.1055146246531381,1676.461535999989,1,0.1057851386847239,0,0,0.38,0.1166235137808079,-0.04458744926829282,Mike_EV\EV2_Gas_Sol_Wnd_evLoad0p38\EV2_Gas_Sol_Wnd_evLoad0p38_20220305-001555.xlsx,1.0,0.0,0.38,0.0,0.0801238676661997,0.8392989203925766,0.4139999999999971,0.1201540762750455,0.8387806329477301,0.2721436232923498,3.639171436195631,0.0,0.0,0.0,84.493,0.4032522728842807,20.7483131772931,0.0,0.0,0.0,1.149775807010966,0.02325227288428077,0.4252989203925794,0.0,1.0,0.0
optimal,933.4424832015039,0.1062662207651985,1688.609807999994,1,0.1057743176072008,0,0,0.39,0.1166661256445248,-0.0450078858433669,Mike_EV\EV2_Gas_Sol_Wnd_evLoad0p39\EV2_Gas_Sol_Wnd_evLoad0p39_20220305-001929.xlsx,1.0,0.0,0.39,0.0,0.07814295978487742,0.8425670403761127,0.4169999999999984,0.1201540762750455,0.8783754896821924,0.2721436232923498,3.644091059801061,0.0,0.0,0.0,86.7165,0.4129061080899063,21.16115708511198,0.0,0.0,0.0,1.149546045829721,0.02290610808990629,0.4255670403761143,0.0,1.0,0.0
optimal,876.2913579397326,0.09975994512064351,1579.275359999996,1,0.108779672049428,0,0,0.3,0.1186757089384228,-0.04462243961031129,Mike_EV\EV2_Gas_Sol_Wnd_evLoad0p3\EV2_Gas_Sol_Wnd_evLoad0p3_20220304-234709.xlsx,1.0,0.0,0.3,0.0,0.0840960530281906,0.8113629451506926,0.3899999999999988,0.1201540762750455,0.7811157849864259,0.2721436232923498,3.441387331418043,0.0,0.0,0.0,66.705,0.3251196276517447,16.68663295118896,0.0,0.0,0.0,0.9082040266501665,0.02511962765174478,0.4213629451506938,0.0,1.0,0.0
optimal,946.6570774130889,0.1077706144595957,1712.906351999993,1,0.1057618778787296,0,0,0.41,0.1167070719374949,-0.04584116291350671,Mike_EV\EV2_Gas_Sol_Wnd_evLoad0p41\EV2_Gas_Sol_Wnd_evLoad0p41_20220305-002647.xlsx,1.0,0.0,0.41,0.0,0.07418465440754597,0.8491182758417343,0.4229999999999982,0.1201540762750455,0.957635751571256,0.2721436232923498,3.653933426643722,0.0,0.0,0.0,91.1635,0.4322604482131936,22.04352323601049,0.0,0.0,0.0,1.149086377771068,0.02226044821319371,0.4261182758417361,0.0,1.0,0.0
optimal,953.2675372932987,0.1085231713676342,1725.054623999992,1,0.1057536416587571,0,0,0.42,0.1167430083551324,-0.04626253380027849,Mike_EV\EV2_Gas_Sol_Wnd_evLoad0p42\EV2_Gas_Sol_Wnd_evLoad0p42_20220305-003024.xlsx,1.0,0.0,0.42,0.0,0.07220568522201347,0.8523982876279604,0.425999999999998,0.1201540762750455,0.9972872141104878,0.2721436232923498,3.658855467818993,0.0,0.0,0.0,93.387,0.4419586722369822,22.50933733698549,0.0,0.0,0.0,1.14885650368206,0.02195867223698223,0.4263982876279624,0.0,1.0,0.0
optimal,959.879612388111,0.1092759121571165,1737.202895999994,1,0.1057466367395827,0,0,0.43,0.1167765735156745,-0.04668465119420631,Mike_EV\EV2_Gas_Sol_Wnd_evLoad0p43\EV2_Gas_Sol_Wnd_evLoad0p43_20220305-003402.xlsx,1.0,0.0,0.43,0.0,0.0702269366135277,0.855681793408491,0.4289999999999986,0.1201540762750455,1.036946152794354,0.2721436232923498,3.663779605937625,0.0,0.0,0.0,95.6105,0.4516670922839234,22.9855455838092,0.0,0.0,0.0,1.148626531659505,0.02166709228392339,0.4266817934084926,0.0,1.0,0.0
optimal,966.4938687334728,0.1100289012674719,1749.351167999993,1,0.1058157454334044,0,0,0.4399999999999999,0.1168748766493683,-0.04721178989165453,Mike_EV\EV2_Gas_Sol_Wnd_evLoad0p44\EV2_Gas_Sol_Wnd_evLoad0p44_20220305-003744.xlsx,1.0,0.0,0.4399999999999999,0.0,0.06824805009352898,0.8589725496829921,0.4319999999999982,0.1201540762750455,1.076620071894312,0.2721436232923498,3.668702117369289,0.0,0.0,0.0,97.834,0.4613872547955333,23.47889512152495,0.0,0.0,0.0,1.148396635608112,0.02138725479553341,0.426972549682994,0.0,1.0,0.0
optimal,973.1122041645028,0.110782354754611,1761.499439999811,1,0.1058078327451194,0,0,0.45,0.1168901887845576,-0.04762606294355937,Mike_EV\EV2_Gas_Sol_Wnd_evLoad0p45\EV2_Gas_Sol_Wnd_evLoad0p45_20220305-004123.xlsx,1.0,0.0,0.45,0.0,0.0662715758929663,0.8622644345726593,0.4349999999999533,0.1201540762750455,1.116332861050687,0.2721436232923498,3.673620407996017,0.0,0.0,0.0,100.0575,0.4711158195399713,23.98806932944509,0.0,0.0,0.0,1.148166936680972,0.02111581953997135,0.427264434572706,0.0,1.0,0.0
optimal,979.7314713938085,0.1115359143207888,1773.647711999995,1,0.1057985040560726,0,0,0.4600000000000001,0.116906711339907,-0.04803967695164105,Mike_EV\EV2_Gas_Sol_Wnd_evLoad0p46\EV2_Gas_Sol_Wnd_evLoad0p46_20220305-004509.xlsx,1.0,0.0,0.4600000000000001,0.0,0.06429499942692189,0.8655572953128275,0.4379999999999988,0.1201540762750455,1.156053902331221,0.2721436232923498,3.678537802544643,0.0,0.0,0.0,102.281,0.4808495995838618,24.52158424165907,0.0,0.0,0.0,1.147937279603368,0.02084959958386167,0.4275572953128287,0.0,1.0,0.0
optimal,986.3522942901878,0.1122896509893201,1785.795983999816,1,0.1057875522150461,0,0,0.47,0.1169317422948822,-0.0484558201043206,Mike_EV\EV2_Gas_Sol_Wnd_evLoad0p47\EV2_Gas_Sol_Wnd_evLoad0p47_20220305-004852.xlsx,1.0,0.0,0.47,0.0,0.0623180714544195,0.8688520783996854,0.4409999999999545,0.1201540762750455,1.195788464791911,0.2721436232923498,3.683453728861183,0.0,0.0,0.0,104.5045,0.4905955571201838,25.07521474473498,0.0,0.0,0.0,1.147707691096606,0.02059555712018376,0.4278520783997308,0.0,1.0,0.0
optimal,992.9745058113975,0.1130435457435562,1797.944255999992,1,0.1057815709435343,0,0,0.48,0.1169507133296241,-0.04887436759819766,Mike_EV\EV2_Gas_Sol_Wnd_evLoad0p48\EV2_Gas_Sol_Wnd_evLoad0p48_20220305-005226.xlsx,1.0,0.0,0.48,0.0,0.06034112967781324,0.8721490220780022,0.4439999999999979,0.1201540762750455,1.235531394059021,0.2721436232923498,3.688370581363059,0.0,0.0,0.0,106.728,0.5003516905905052,25.64149080477916,0.0,0.0,0.0,1.147478059334211,0.02035169059050528,0.4281490220780041,0.0,1.0,0.0
optimal,999.5982763088014,0.1137976179768672,1810.092527999994,1,0.1057734364260927,0,0,0.49,0.1169726691510472,-0.0492924263332386,Mike_EV\EV2_Gas_Sol_Wnd_evLoad0p49\EV2_Gas_Sol_Wnd_evLoad0p49_20220305-005601.xlsx,1.0,0.0,0.49,0.0,0.0583643688387145,0.8754514799419439,0.4469999999999984,0.1201540762750455,1.275280581759985,0.2721436232923498,3.693289056268168,0.0,0.0,0.0,108.9515,0.5101155693455632,26.22144491086105,0.0,0.0,0.0,1.147248351800718,0.02011556934556338,0.4284514799419455,0.0,1.0,0.0
optimal,940.0487080281514,0.1070182955405455,1700.758079999992,1,0.1057686987361744,0,0,0.4000000000000001,0.116687000545911,-0.04542520341399338,Mike_EV\EV2_Gas_Sol_Wnd_evLoad0p4\EV2_Gas_Sol_Wnd_evLoad0p4_20220305-002312.xlsx,1.0,0.0,0.4000000000000001,0.0,0.07616372860692973,0.8458396557825096,0.419999999999998,0.1201540762750455,0.9179999553983275,0.2721436232923498,3.649011646170047,0.0,0.0,0.0,88.94,0.4225775071080475,21.59122804631574,0.0,0.0,0.0,1.14931623968453,0.02257750710804743,0.4258396557825117,0.0,1.0,0.0
optimal,1012.87006002714,0.1153085223163866,1834.389071999994,1,0.1055968654961723,0,0,0.5099999999999999,0.1169759408160441,-0.04994607299596809,Mike_EV\EV2_Gas_Sol_Wnd_evLoad0p51\EV2_Gas_Sol_Wnd_evLoad0p51_20220305-010316.xlsx,1.0,0.0,0.5099999999999999,0.0,0.05443400833212118,0.8820578238715222,0.4529999999999985,0.1201540762750455,1.354952756392177,0.2721436232923498,3.703141358544046,0.0,0.0,0.0,113.3985,0.5296549963791694,27.43562098782188,0.0,0.0,0.0,1.146788219727527,0.01965499637916937,0.4290578238715236,0.0,1.0,0.0
optimal,1019.519329556763,0.1160654974449867,1846.537343999832,1,0.1055881110166304,0,0,0.5200000000000001,0.1169899566988857,-0.05035739105506437,Mike_EV\EV2_Gas_Sol_Wnd_evLoad0p52\EV2_Gas_Sol_Wnd_evLoad0p52_20220305-010649.xlsx,1.0,0.0,0.5200000000000001,0.0,0.05248198314454144,0.8853552845962162,0.4559999999999583,0.1201540762750455,1.394903169855349,0.2721436232923498,3.708066926403614,0.0,0.0,0.0,115.622,0.5394264354159428,28.06351944802752,0.0,0.0,0.0,1.146558180931782,0.01942643541594287,0.4293552845962578,0.0,1.0,0.0
optimal,1026.169240084591,0.1168225455469707,1858.68561599999,1,0.10558551825695,0,0,0.53,0.1169949601098274,-0.05077030156818775,Mike_EV\EV2_Gas_Sol_Wnd_evLoad0p53\EV2_Gas_Sol_Wnd_evLoad0p53_20220305-011022.xlsx,1.0,0.0,0.53,0.0,0.05052975481238726,0.8886532358523156,0.4589999999999973,0.1201540762750455,1.434859411324004,0.2721436232923498,3.712991865081279,0.0,0.0,0.0,117.8455,0.5492031045162227,28.70501306153719,0.0,0.0,0.0,1.146328171520719,0.01920310451622268,0.4296532358523181,0.0,1.0,0.0
optimal,1032.819863486332,0.1175796748049103,1870.833887999991,1,0.1055779431064554,0,0,0.54,0.117010519124888,-0.05118394862898464,Mike_EV\EV2_Gas_Sol_Wnd_evLoad0p54\EV2_Gas_Sol_Wnd_evLoad0p54_20220305-011400.xlsx,1.0,0.0,0.54,0.0,0.04857697825955419,0.8919521669071518,0.4619999999999975,0.1201540762750455,1.474819835359967,0.2721436232923498,3.71791741639107,0.0,0.0,0.0,120.069,0.5589853628561289,29.40018901577591,0.0,0.0,0.0,1.146098133497898,0.01898536285612886,0.4299521669071543,0.0,1.0,0.0
optimal,1039.471227343857,0.1183368883588179,1882.98215999999,1,0.1055713973966691,0,0,0.5499999999999999,0.1170225302283056,-0.05159690066341917,Mike_EV\EV2_Gas_Sol_Wnd_evLoad0p55\EV2_Gas_Sol_Wnd_evLoad0p55_20220305-011729.xlsx,1.0,0.0,0.5499999999999999,0.0,0.0466231516006357,0.8952541850883583,0.4649999999999974,0.1201540762750455,1.514784251069953,0.2721436232923498,3.722842837110585,0.0,0.0,0.0,122.2925,0.5687715259347399,30.19079402412454,0.0,0.0,0.0,1.145868101574034,0.01877152593473989,0.4302541850883608,0.0,1.0,0.0
optimal,1046.12395212416,0.1190942568447359,1895.130431999773,1,0.105479369929321,0,0,0.5600000000000002,0.1170377110103203,-0.05192623125036445,Mike_EV\EV2_Gas_Sol_Wnd_evLoad0p56\EV2_Gas_Sol_Wnd_evLoad0p56_20220305-012102.xlsx,1.0,0.0,0.5600000000000002,0.0,0.04467654182885258,0.8985585951751792,0.4679999999999439,0.1201540762750455,1.554643317665702,0.2721436232923498,3.727844223041811,0.0,0.0,0.0,124.516,0.5785635975768922,30.9941725707161,0.0,0.0,0.0,1.145634521846888,0.0185635975768921,0.4305585951752353,0.0,1.0,0.0
optimal,1052.789654844398,0.1198531027828321,1907.278703999768,1,0.1054718243078453,0,0,0.57,0.1170514071291072,-0.05233802358860418,Mike_EV\EV2_Gas_Sol_Wnd_evLoad0p57\EV2_Gas_Sol_Wnd_evLoad0p57_20220305-012442.xlsx,1.0,0.0,0.57,0.0,0.04294674087500675,0.9018652681597691,0.4709999999999426,0.1201540762750455,1.591210687878623,0.2721436232923498,3.735094416916568,0.0,0.0,0.0,126.7395,0.5883525040817273,31.8003292034299,0.0,0.0,0.0,1.145295916042356,0.01835250408172748,0.4308652681598265,0.0,1.0,0.0
optimal,1059.456446704967,0.1206120727123141,1919.426975999987,1,0.1054632850470266,0,0,0.58,0.1170711178817919,-0.05275246070615174,Mike_EV\EV2_Gas_Sol_Wnd_evLoad0p58\EV2_Gas_Sol_Wnd_evLoad0p58_20220305-012812.xlsx,1.0,0.0,0.58,0.0,0.04121688145556036,0.9051753735407547,0.4739999999999969,0.1201540762750455,1.627785147840023,0.2721436232923498,3.742344147829388,0.0,0.0,0.0,128.963,0.5981475915410127,32.61526650436399,0.0,0.0,0.0,1.144957331859534,0.01814759154101278,0.4311753735407579,0.0,1.0,0.0
optimal,1066.183528215588,0.1213779062176216,1931.575247999991,1,0.1041284511704761,0,0,0.59,0.1158818726435656,-0.05112084981255817,Mike_EV\EV2_Gas_Sol_Wnd_evLoad0p59\EV2_Gas_Sol_Wnd_evLoad0p59_20220305-013145.xlsx,1.0,0.0,0.59,0.0,0.03948729171054394,0.9091817929168828,0.4769999999999978,0.1201540762750455,1.664334209995926,0.2721436232923498,3.749600161433897,0.0,0.0,0.0,131.1865,0.6079355839734704,33.35611638599699,0.0,0.0,0.0,1.144618454256163,0.01793558397347048,0.4321817929168849,0.0,1.0,0.0
optimal,1006.223933735313,0.114551905024512,1822.240799999783,1,0.1057604852224651,0,0,0.5,0.1170049169941085,-0.04971103869500743,Mike_EV\EV2_Gas_Sol_Wnd_evLoad0p5\EV2_Gas_Sol_Wnd_evLoad0p5_20220305-005943.xlsx,1.0,0.0,0.5,0.0,0.05638826631318708,0.8787594202519982,0.4499999999999465,0.1201540762750455,1.315030813498747,0.2721436232923498,3.698214395710362,0.0,0.0,0.0,111.175,0.5198893151976647,26.82290250565518,0.0,0.0,0.0,1.147018323672749,0.01988931519766477,0.4287594202520518,0.0,1.0,0.0
optimal,1079.746595252104,0.1229219712263324,1955.87179199999,1,0.1036970479985287,0,0,0.61,0.1154945716458379,-0.05122676547615738,Mike_EV\EV2_Gas_Sol_Wnd_evLoad0p61\EV2_Gas_Sol_Wnd_evLoad0p61_20220305-013906.xlsx,1.0,0.0,0.61,0.0,0.03629939974634339,0.9182132922062287,0.4829999999999975,0.1201540762750455,1.733328781025697,0.2721436232923498,3.766926067839383,0.0,0.0,0.0,135.6335,0.6275372261069825,34.7102224768475,0.0,0.0,0.0,1.143809282449307,0.01753722610698238,0.4352132922062312,0.0,1.0,0.0
optimal,1086.588301229874,0.1237008539651496,1968.020063999983,1,0.10236380118091,0,0,0.62,0.1142272469376321,-0.04948384031709224,Mike_EV\EV2_Gas_Sol_Wnd_evLoad0p62\EV2_Gas_Sol_Wnd_evLoad0p62_20220305-014238.xlsx,1.0,0.0,0.62,0.0,0.03557558919119325,0.922871809889442,0.4859999999999959,0.1201540762750455,1.754590546938888,0.2721436232923498,3.784609802401215,0.0,0.0,0.0,137.857,0.6373002214290637,35.27152884396939,0.0,0.0,0.0,1.142983398994066,0.01730022142906373,0.4368718098894459,0.0,1.0,0.0
optimal,1093.599810043444,0.1244990676278966,1980.168335999986,1,0.1023513861513438,0,0,0.63,0.11423397941815,-0.04981972555688176,Mike_EV\EV2_Gas_Sol_Wnd_evLoad0p63\EV2_Gas_Sol_Wnd_evLoad0p63_20220305-014611.xlsx,1.0,0.0,0.63,0.0,0.03733701980037601,0.9279337780421097,0.4889999999999966,0.1201540762750455,1.738048193276198,0.2721436232923498,3.828050179576737,0.0,0.0,0.0,140.0805,0.6469439380289104,35.40074563701751,0.0,0.0,0.0,1.140954603058838,0.01694393802891035,0.4389337780421134,0.0,1.0,0.0
optimal,1100.61237759362,0.1252974018207673,1992.316607999988,1,0.1023351122872522,0,0,0.6399999999999999,0.1142422071070546,-0.05015272301499984,Mike_EV\EV2_Gas_Sol_Wnd_evLoad0p64\EV2_Gas_Sol_Wnd_evLoad0p64_20220305-014951.xlsx,1.0,0.0,0.6399999999999999,0.0,0.0390968665219499,0.9329964445720672,0.4919999999999968,0.1201540762750455,1.721516025330633,0.2721436232923498,3.871489201030956,0.0,0.0,0.0,142.304,0.6566061578978988,35.56442103071704,0.0,0.0,0.0,1.138925870439861,0.0166061578978988,0.4409964445720704,0.0,1.0,0.0
optimal,1107.626386582768,0.1260959001118815,2004.464879999989,1,0.1023158055881334,0,0,0.6500000000000001,0.1142549613298906,-0.05048563034068076,Mike_EV\EV2_Gas_Sol_Wnd_evLoad0p65\EV2_Gas_Sol_Wnd_evLoad0p65_20220305-015335.xlsx,1.0,0.0,0.6500000000000001,0.0,0.04085580801840655,0.9380603622157062,0.4949999999999974,0.1201540762750455,1.704997450554747,0.2721436232923498,3.914926413231155,0.0,0.0,0.0,144.5275,0.6662861101994693,35.73492316129837,0.0,0.0,0.0,1.136897222318475,0.0162861101994691,0.4430603622157089,0.0,1.0,0.0
optimal,1114.64172987065,0.1268945503040358,2016.613151999984,1,0.1023076658270933,0,0,0.6599999999999999,0.1142583601959539,-0.05082363325238706,Mike_EV\EV2_Gas_Sol_Wnd_evLoad0p66\EV2_Gas_Sol_Wnd_evLoad0p66_20220305-015703.xlsx,1.0,0.0,0.6599999999999999,0.0,0.04261415202537189,0.9431265286068797,0.4979999999999963,0.1201540762750455,1.688490461996139,0.2721436232923498,3.958362083303158,0.0,0.0,0.0,146.751,0.6759796080760012,35.9112641755503,0.0,0.0,0.0,1.134868646219103,0.01597960807600129,0.4451265286068836,0.0,1.0,0.0
optimal,1121.65829676746,0.1276933397959313,2028.761423999988,1,0.1022945966422314,0,0,0.67,0.1142646404053638,-0.05115856591789383,Mike_EV\EV2_Gas_Sol_Wnd_evLoad0p67\EV2_Gas_Sol_Wnd_evLoad0p67_20220305-020041.xlsx,1.0,0.0,0.67,0.0,0.04437191500161528,0.9481966785652721,0.5009999999999969,0.1201540762750455,1.671992342782096,0.2721436232923498,4.001796572863355,0.0,0.0,0.0,148.9745,0.6856843748996698,36.09420620640319,0.0,0.0,0.0,1.132840125253173,0.01568437489966969,0.4471966785652753,0.0,1.0,0.0
optimal,1128.675526440642,0.1284922047405102,2040.909695999987,1,0.1022873606721935,0,0,0.6800000000000002,0.1142676731458484,-0.05149717367086029,Mike_EV\EV2_Gas_Sol_Wnd_evLoad0p68\EV2_Gas_Sol_Wnd_evLoad0p68_20220305-020414.xlsx,1.0,0.0,0.6800000000000002,0.0,0.04612884007042217,0.953268669598175,0.5039999999999969,0.1201540762750455,1.655499317053333,0.2721436232923498,4.045230384479487,0.0,0.0,0.0,151.198,0.695399584102161,36.28661155609142,0.0,0.0,0.0,1.130811635949265,0.01539958410216078,0.4492686695981783,0.0,1.0,0.0
optimal,1135.693394178088,0.1292911423244636,2053.057967999989,1,0.1022759750574743,0,0,0.69,0.1142734084327712,-0.0518334845516229,Mike_EV\EV2_Gas_Sol_Wnd_evLoad0p69\EV2_Gas_Sol_Wnd_evLoad0p69_20220305-020749.xlsx,1.0,0.0,0.69,0.0,0.04788520867439376,0.9583416089993912,0.506999999999997,0.1201540762750455,1.639011947910401,0.2721436232923498,4.088663443202737,0.0,0.0,0.0,153.4215,0.7051234314530456,36.48544627344489,0.0,0.0,0.0,1.128783181807713,0.0151234314530456,0.451341608999394,0.0,1.0,0.0
optimal,1072.955334291746,0.1221488313173663,1943.723519999989,1,0.1041150035869714,0,0,0.6,0.1159015794512682,-0.051507119940366,Mike_EV\EV2_Gas_Sol_Wnd_evLoad0p6\EV2_Gas_Sol_Wnd_evLoad0p6_20220305-013522.xlsx,1.0,0.0,0.6,0.0,0.03775812809319015,0.9136745815136175,0.4799999999999974,0.1201540762750455,1.700886415627177,0.2721436232923498,3.756860867239808,0.0,0.0,0.0,133.41,0.6177397589292368,34.04570841082658,0.0,0.0,0.0,1.144279357512909,0.01773975892923682,0.4336745815136202,0.0,1.0,0.0
optimal,1149.731128278754,0.1308892450226268,2077.354511999984,1,0.1022607164099607,0,0,0.7100000000000001,0.114280612644396,-0.05251070636485516,Mike_EV\EV2_Gas_Sol_Wnd_evLoad0p71\EV2_Gas_Sol_Wnd_evLoad0p71_20220305-021505.xlsx,1.0,0.0,0.7100000000000001,0.0,0.05139258567291675,0.9684935998363835,0.512999999999996,0.1201540762750455,1.606052057293849,0.2721436232923498,4.175527584421026,0.0,0.0,0.0,157.8685,0.7246052293385437,37.13665982617069,0.0,0.0,0.0,1.124726365820395,0.01460522933854358,0.4554935998363877,0.0,1.0,0.0
optimal,1156.752178479626,0.1316885449088827,2089.502783999988,1,0.1022139083185091,0,0,0.7199999999999999,0.1142513715412999,-0.05278635091936235,Mike_EV\EV2_Gas_Sol_Wnd_evLoad0p72\EV2_Gas_Sol_Wnd_evLoad0p72_20220305-021835.xlsx,1.0,0.0,0.7199999999999999,0.0,0.05310538248091481,0.9735612174157646,0.5159999999999971,0.1201540762750455,1.590287763966084,0.2721436232923498,4.218501621916856,0.0,0.0,0.0,160.092,0.734364445693313,37.47973874085168,0.0,0.0,0.0,1.122719349347227,0.01436444569331309,0.4575612174157674,0.0,1.0,0.0
optimal,1163.774096727133,0.1324879436164769,2101.651055999985,1,0.1022086728271301,0,0,0.7300000000000001,0.1142545231622015,-0.05312653111906027,Mike_EV\EV2_Gas_Sol_Wnd_evLoad0p73\EV2_Gas_Sol_Wnd_evLoad0p73_20220305-022220.xlsx,1.0,0.0,0.7300000000000001,0.0,0.05480545314108601,0.9786258552963727,0.5189999999999964,0.1201540762750455,1.574742448873271,0.2721436232923498,4.261336791720019,0.0,0.0,0.0,162.3155,0.744134045027313,37.83106651287473,0.0,0.0,0.0,1.12071881841191,0.01413404502731301,0.4596258552963765,0.0,1.0,0.0
optimal,1170.796572119363,0.1332874057512936,2113.799327999985,1,0.1022031144543474,0,0,0.74,0.1142566668894412,-0.05346564220124031,Mike_EV\EV2_Gas_Sol_Wnd_evLoad0p74\EV2_Gas_Sol_Wnd_evLoad0p74_20220305-022557.xlsx,1.0,0.0,0.74,0.0,0.05650462374134023,0.9836915179656384,0.5219999999999962,0.1201540762750455,1.559201677902462,0.2721436232923498,4.304171470638087,0.0,0.0,0.0,164.539,0.7539149106134068,38.18785347455781,0.0,0.0,0.0,1.118718310402399,0.01391491061340689,0.4616915179656423,0.0,1.0,0.0
optimal,1177.819462831883,0.1340869151675641,2125.947599999984,1,0.1021945947120264,0,0,0.7499999999999998,0.1142605462909052,-0.0538030892626411,Mike_EV\EV2_Gas_Sol_Wnd_evLoad0p75\EV2_Gas_Sol_Wnd_evLoad0p75_20220305-022936.xlsx,1.0,0.0,0.7499999999999998,0.0,0.05820146599657289,0.9887578315199621,0.5249999999999959,0.1201540762750455,1.543664392936294,0.2721436232923498,4.347005772975658,0.0,0.0,0.0,166.7625,0.7637047832054924,38.69259506001354,0.0,0.0,0.0,1.116717819980328,0.01370478320549244,0.4637578315199661,0.0,1.0,0.0
optimal,1184.843115933705,0.1348865113767879,2138.095871999989,1,0.1021848521369932,0,0,0.7600000000000001,0.1142648662554967,-0.05413963911438288,Mike_EV\EV2_Gas_Sol_Wnd_evLoad0p76\EV2_Gas_Sol_Wnd_evLoad0p76_20220305-023307.xlsx,1.0,0.0,0.7600000000000001,0.0,0.059901328952326,0.9938254405265465,0.5279999999999972,0.1201540762750455,1.528133419331326,0.2721436232923498,4.389839393519662,0.0,0.0,0.0,168.986,0.7735006217359202,38.91736531570465,0.0,0.0,0.0,1.114717361400061,0.01350062173592007,0.4658254405265491,0.0,1.0,0.0
optimal,1191.867540547251,0.1356861954174921,2150.244143999985,1,0.1021760126114346,0,0,0.77,0.1142689057346437,-0.0544768746096182,Mike_EV\EV2_Gas_Sol_Wnd_evLoad0p77\EV2_Gas_Sol_Wnd_evLoad0p77_20220305-023646.xlsx,1.0,0.0,0.77,0.0,0.06159921909998992,0.9988951412197083,0.5309999999999961,0.1201540762750455,1.51260815145803,0.2721436232923498,4.43267239769407,0.0,0.0,0.0,171.2095,0.7833040645029553,39.29025026080406,0.0,0.0,0.0,1.112716931606104,0.0133040645029552,0.4678951412197123,0.0,1.0,0.0
optimal,1198.89250573865,0.136485940999391,2162.392415999982,1,0.1021674921810803,0,0,0.78,0.1142727441178885,-0.05481429159364234,Mike_EV\EV2_Gas_Sol_Wnd_evLoad0p78\EV2_Gas_Sol_Wnd_evLoad0p78_20220305-024026.xlsx,1.0,0.0,0.78,0.0,0.06329681051257649,1.003965769800777,0.5339999999999956,0.1201540762750455,1.497087350550707,0.2721436232923498,4.475504919318271,0.0,0.0,0.0,173.433,0.7931132836287691,39.66874388390941,0.0,0.0,0.0,1.110716524348689,0.01311328362876914,0.4699657698007811,0.0,1.0,0.0
optimal,1205.91790791269,0.1372857363288581,2174.540687999984,1,0.1021654253200228,0,0,0.79,0.1142743238873815,-0.05515640486219617,Mike_EV\EV2_Gas_Sol_Wnd_evLoad0p79\EV2_Gas_Sol_Wnd_evLoad0p79_20220305-024400.xlsx,1.0,0.0,0.79,0.0,0.06499385610511192,1.009036787646011,0.5369999999999958,0.1201540762750455,1.481570475342657,0.2721436232923498,4.518337016863352,0.0,0.0,0.0,175.6565,0.8029303566516713,40.04988739154494,0.0,0.0,0.0,1.108716136897041,0.01293035665167129,0.472036787646015,0.0,1.0,0.0
optimal,1142.711923857637,0.1300901552661244,2065.206239999988,1,0.1022726198362744,0,0,0.7,0.1142748307384944,-0.05217484608709611,Mike_EV\EV2_Gas_Sol_Wnd_evLoad0p7\EV2_Gas_Sol_Wnd_evLoad0p7_20220305-021127.xlsx,1.0,0.0,0.7,0.0,0.04963934844584551,0.9634167476233036,0.5099999999999971,0.1201540762750455,1.622529336449254,0.2721436232923498,4.132095868677444,0.0,0.0,0.0,155.645,0.7148594404080952,36.79919870354674,0.0,0.0,0.0,1.126754757240767,0.01485944040809528,0.4534167476233066,0.0,1.0,0.0
optimal,1219.971005779776,0.138885588089683,2198.837231999981,1,0.102146174091742,0,0,0.8100000000000002,0.1142692844443181,-0.05581870640195663,Mike_EV\EV2_Gas_Sol_Wnd_evLoad0p81\EV2_Gas_Sol_Wnd_evLoad0p81_20220305-025117.xlsx,1.0,0.0,0.8100000000000002,0.0,0.06838757332260788,1.019177093934475,0.5429999999999956,0.1201540762750455,1.450560620378967,0.2721436232923498,4.60399863061405,0.0,0.0,0.0,180.1035,0.8225860901260575,40.82513488692985,0.0,0.0,0.0,1.104715482550042,0.01258609012605739,0.4761770939344792,0.0,1.0,0.0
optimal,1226.998600526581,0.1396856330289823,2210.985503999979,1,0.1021387245150783,0,0,0.8200000000000001,0.1142524004952639,-0.05614005989221243,Mike_EV\EV2_Gas_Sol_Wnd_evLoad0p82\EV2_Gas_Sol_Wnd_evLoad0p82_20220305-025447.xlsx,1.0,0.0,0.8200000000000001,0.0,0.07008399615325059,1.024247236082057,0.545999999999995,0.1201540762750455,1.435065910496991,0.2721436232923498,4.646828333718971,0.0,0.0,0.0,182.327,0.8324257286028762,41.2177184649914,0.0,0.0,0.0,1.102715206925933,0.01242572860287634,0.4782472360820621,0.0,1.0,0.0
optimal,1234.026840836885,0.140485751461394,2223.133775999977,1,0.1021327318370341,0,0,0.8299999999999998,0.1142549832335895,-0.05647861645951929,Mike_EV\EV2_Gas_Sol_Wnd_evLoad0p83\EV2_Gas_Sol_Wnd_evLoad0p83_20220305-025826.xlsx,1.0,0.0,0.8299999999999998,0.0,0.07178011531268594,1.029317998946683,0.5489999999999943,0.1201540762750455,1.419576960314721,0.2721436232923498,4.689657414624326,0.0,0.0,0.0,184.5505,0.8422725808876659,41.6125395098063,0.0,0.0,0.0,1.10071496036041,0.012272580887666,0.4803179989466884,0.0,1.0,0.0
optimal,1241.055574296901,0.1412859260356217,2235.282047999982,1,0.1021252188234035,0,0,0.84,0.1142593072090899,-0.05681711084341731,Mike_EV\EV2_Gas_Sol_Wnd_evLoad0p84\EV2_Gas_Sol_Wnd_evLoad0p84_20220305-030213.xlsx,1.0,0.0,0.84,0.0,0.07347578678371856,1.034389419250295,0.5519999999999956,0.1201540762750455,1.404092250106107,0.2721436232923498,4.73248603750063,0.0,0.0,0.0,186.774,0.8521266005109492,42.01061116499118,0.0,0.0,0.0,1.098714735186218,0.01212660051094929,0.4823894192502995,0.0,1.0,0.0
optimal,1248.084564974321,0.1420861298923407,2247.430319999983,1,0.1021223343215077,0,0,0.85,0.1142593808251112,-0.05715667813051159,Mike_EV\EV2_Gas_Sol_Wnd_evLoad0p85\EV2_Gas_Sol_Wnd_evLoad0p85_20220305-030551.xlsx,1.0,0.0,0.85,0.0,0.07517094653275394,1.039461325584929,0.5549999999999955,0.1201540762750455,1.388609626518286,0.2721436232923498,4.775314434966826,0.0,0.0,0.0,188.9975,0.8619851184684189,42.42679794430828,0.0,0.0,0.0,1.096714520539354,0.01198511846841875,0.4844613255849338,0.0,1.0,0.0
optimal,1255.113912398631,0.1428863743623214,2259.578591999979,1,0.1021174626733569,0,0,0.86,0.1142613711607266,-0.05749586750926039,Mike_EV\EV2_Gas_Sol_Wnd_evLoad0p86\EV2_Gas_Sol_Wnd_evLoad0p86_20220305-030935.xlsx,1.0,0.0,0.86,0.0,0.07686582051686912,1.044534142201707,0.5579999999999947,0.1201540762750455,1.373129690914008,0.2721436232923498,4.81814254205986,0.0,0.0,0.0,191.221,0.8718470353955807,42.85666927723591,0.0,0.0,0.0,1.094714319453788,0.01184703539558068,0.4865341422017125,0.0,1.0,0.0
optimal,1262.143525560111,0.1436866490847121,2271.726863999982,1,0.1021131385962709,0,0,0.87,0.1142629929744484,-0.05783529339932891,Mike_EV\EV2_Gas_Sol_Wnd_evLoad0p87\EV2_Gas_Sol_Wnd_evLoad0p87_20220305-031315.xlsx,1.0,0.0,0.87,0.0,0.07856050672875065,1.049606868557094,0.5609999999999955,0.1201540762750455,1.35765242787157,0.2721436232923498,4.86097036044569,0.0,0.0,0.0,193.4445,0.8817124072033768,43.29072074869566,0.0,0.0,0.0,1.092714131851715,0.01171240720337685,0.4886068685570985,0.0,1.0,0.0
optimal,1269.173347773894,0.1444869476063176,2283.875135999983,1,0.1021101012615612,0,0,0.8799999999999999,0.1142640726050184,-0.05817553754765989,Mike_EV\EV2_Gas_Sol_Wnd_evLoad0p88\EV2_Gas_Sol_Wnd_evLoad0p88_20220305-031654.xlsx,1.0,0.0,0.8799999999999999,0.0,0.08025492516502036,1.05467941221269,0.5639999999999957,0.1201540762750455,1.342177364744035,0.2721436232923498,4.903797941182654,0.0,0.0,0.0,195.668,0.8915817177891445,43.72745311616461,0.0,0.0,0.0,1.090713955348557,0.01158171778914449,0.4906794122126946,0.0,1.0,0.0
optimal,1276.203669981351,0.1452873030488788,2296.023407999979,1,0.1021042762667339,0,0,0.8900000000000002,0.1142657452563627,-0.05851348649601787,Mike_EV\EV2_Gas_Sol_Wnd_evLoad0p89\EV2_Gas_Sol_Wnd_evLoad0p89_20220305-032035.xlsx,1.0,0.0,0.8900000000000002,0.0,0.08194916122411601,1.059752666318717,0.5669999999999946,0.1201540762750455,1.32670656214855,0.2721436232923498,4.94662506166972,0.0,0.0,0.0,197.8915,0.9014558947653738,44.16673548424446,0.0,0.0,0.0,1.088713800340449,0.0114558947653736,0.4927526663187223,0.0,1.0,0.0
optimal,1212.944066030526,0.1380856177175007,2186.688959999981,1,0.1021499328571411,0,0,0.7999999999999999,0.1142677709230809,-0.05547853187810514,Mike_EV\EV2_Gas_Sol_Wnd_evLoad0p8\EV2_Gas_Sol_Wnd_evLoad0p8_20220305-024739.xlsx,1.0,0.0,0.7999999999999999,0.0,0.06669077853541358,1.014107145376409,0.5399999999999954,0.1201540762750455,1.466061554684899,0.2721436232923498,4.561168255107079,0.0,0.0,0.0,177.88,0.8127546158351964,40.43522653716948,0.0,0.0,0.0,1.106715789577344,0.01275461583519627,0.4741071453764136,0.0,1.0,0.0
optimal,1290.265310601757,0.146888127345373,2320.319951999978,1,0.1020941656955938,0,0,0.91,0.114269191518534,-0.05919100263208671,Mike_EV\EV2_Gas_Sol_Wnd_evLoad0p91\EV2_Gas_Sol_Wnd_evLoad0p91_20220305-032754.xlsx,1.0,0.0,0.91,0.0,0.08533703432901245,1.069901017637911,0.5729999999999946,0.1201540762750455,1.295773072756702,0.2721436232923498,5.032278425923372,0.0,0.0,0.0,202.3385,0.9212152267300638,45.05572101609201,0.0,0.0,0.0,1.084713531269711,0.01121522673006374,0.496901017637916,0.0,1.0,0.0
optimal,1297.296391810551,0.1476885691951902,2332.468223999981,1,0.1020936498271874,0,0,0.9200000000000002,0.1142687161770467,-0.05953229951488018,Mike_EV\EV2_Gas_Sol_Wnd_evLoad0p92\EV2_Gas_Sol_Wnd_evLoad0p92_20220305-033126.xlsx,1.0,0.0,0.9200000000000002,0.0,0.08703073194514238,1.074975188736477,0.5759999999999952,0.1201540762750455,1.280308878625456,0.2721436232923498,5.075104832521904,0.0,0.0,0.0,204.562,0.931098531425942,45.50616388809642,0.0,0.0,0.0,1.08271340960234,0.0110985314259419,0.4989751887364819,0.0,1.0,0.0
optimal,1304.327486819572,0.1484890126160715,2344.616495999984,1,0.1020932639037474,0,0,0.9299999999999999,0.1142684263666068,-0.05987388780862016,Mike_EV\EV2_Gas_Sol_Wnd_evLoad0p93\EV2_Gas_Sol_Wnd_evLoad0p93_20220305-033505.xlsx,1.0,0.0,0.9299999999999999,0.0,0.08872399346291242,1.080049347769889,0.5789999999999959,0.1201540762750455,1.264844829714499,0.2721436232923498,5.11793122343281,0.0,0.0,0.0,206.7855,0.9409857218158169,45.95818482955159,0.0,0.0,0.0,1.080713288667627,0.01098572181581675,0.5010493477698926,0.0,1.0,0.0
optimal,1311.35915336231,0.1492895211022666,2356.764767999984,1,0.1020801348909223,0,0,0.9400000000000001,0.1142659766936387,-0.06020063188067606,Mike_EV\EV2_Gas_Sol_Wnd_evLoad0p94\EV2_Gas_Sol_Wnd_evLoad0p94_20220305-033844.xlsx,1.0,0.0,0.9400000000000001,0.0,0.0903994187020185,1.085128428242063,0.5819999999999961,0.1201540762750455,1.249382065792846,0.2721436232923498,5.160757475530962,0.0,0.0,0.0,209.009,0.9508757434093128,47.9976545872218,0.0,0.0,0.0,1.078713174215888,0.01087574340931281,0.5031284282420667,0.0,1.0,0.0
optimal,1318.39120981622,0.1500900739772563,2368.913039999975,1,0.1020757275171952,0,0,0.95,0.1142665509388901,-0.06053887693188453,Mike_EV\EV2_Gas_Sol_Wnd_evLoad0p95\EV2_Gas_Sol_Wnd_evLoad0p95_20220305-034229.xlsx,1.0,0.0,0.95,0.0,0.09210979015993757,1.090208364922455,0.584999999999994,0.1201540762750455,1.233922360779471,0.2721436232923498,5.203583397186294,0.0,0.0,0.0,211.2325,0.9607687533475698,46.88706631920061,0.0,0.0,0.0,1.076713075196819,0.01076875334756974,0.5052083649224612,0.0,1.0,0.0
optimal,1325.423447255361,0.1508906474562114,2381.061311999976,1,0.1020731433394724,0,0,0.96,0.1142672651956647,-0.06087907047109914,Mike_EV\EV2_Gas_Sol_Wnd_evLoad0p96\EV2_Gas_Sol_Wnd_evLoad0p96_20220305-034602.xlsx,1.0,0.0,0.96,0.0,0.09380240560920718,1.095288697880459,0.5879999999999941,0.1201540762750455,1.218464076586188,0.2721436232923498,5.246409165355563,0.0,0.0,0.0,213.456,0.9706642243305474,47.36151361916011,0.0,0.0,0.0,1.074712983346009,0.0106642243305474,0.5072886978804649,0.0,1.0,0.0
optimal,1332.457374483468,0.1516914133064058,2393.209583999981,1,0.1019257065059373,0,0,0.97,0.1142598969002081,-0.06106639319273335,Mike_EV\EV2_Gas_Sol_Wnd_evLoad0p97\EV2_Gas_Sol_Wnd_evLoad0p97_20220305-034942.xlsx,1.0,0.0,0.97,0.0,0.09549470001946608,1.100387116031301,0.5909999999999952,0.1201540762750455,1.203006507982737,0.2721436232923498,5.289234856222243,0.0,0.0,0.0,215.6795,0.980563230058928,47.83535190270674,0.0,0.0,0.0,1.072712895105463,0.01056323005892809,0.509387116031306,0.0,1.0,0.0
optimal,1339.501555898572,0.1524933465276152,2405.357855999976,1,0.1018854065502642,0,0,0.98,0.1141192088083609,-0.06122888465484272,Mike_EV\EV2_Gas_Sol_Wnd_evLoad0p98\EV2_Gas_Sol_Wnd_evLoad0p98_20220305-035322.xlsx,1.0,0.0,0.98,0.0,0.09718758581909127,1.10559101738319,0.5939999999999943,0.1201540762750455,1.187557001577182,0.2721436232923498,5.332059676158791,0.0,0.0,0.0,217.903,0.9904647887400438,48.29628752308706,0.0,0.0,0.0,1.070712847539966,0.01046478874004378,0.5115910173831955,0.0,1.0,0.0
optimal,1346.551416695638,0.153295926308702,2417.506127999981,1,0.1018817537224707,0,0,0.99,0.1141185764077198,-0.06156321805741138,Mike_EV\EV2_Gas_Sol_Wnd_evLoad0p99\EV2_Gas_Sol_Wnd_evLoad0p99_20220305-035653.xlsx,1.0,0.0,0.99,0.0,0.09888611663480214,1.110790510065271,0.5969999999999952,0.1201540762750455,1.172166777075492,0.2721436232923498,5.37487809208527,0.0,0.0,0.0,220.1265,1.000363373981787,48.7631197601627,0.0,0.0,0.0,1.068713099060952,0.01036337398178742,0.5137905100652761,0.0,1.0,0.0
optimal,1283.234350581716,0.1460876992920897,2308.171679999976,1,0.1020979293274895,0,0,0.8999999999999998,0.1142693665729517,-0.05885265995105629,Mike_EV\EV2_Gas_Sol_Wnd_evLoad0p9\EV2_Gas_Sol_Wnd_evLoad0p9_20220305-032415.xlsx,1.0,0.0,0.8999999999999998,0.0,0.08364324873913939,1.064826740581554,0.5699999999999941,0.1201540762750455,1.311238542232067,0.2721436232923498,4.989451881554018,0.0,0.0,0.0,200.115,0.9113333781668882,44.60905144492903,0.0,0.0,0.0,1.086713659371393,0.01133337816688843,0.4948267405815599,0.0,1.0,0.0
optimal,1353.601438489425,0.154098524418195,2429.654399999975,1,0.1018802743290292,0,0,1,0.1141190118881658,-0.061900761799,Mike_EV\EV2_Gas_Sol_Wnd_evLoad1\EV2_Gas_Sol_Wnd_evLoad1_20220305-040036.xlsx,1.0,0.0,1.0,0.0,0.1005845029434675,1.11599036124106,0.5999999999999938,0.1201540762750455,1.156777811271942,0.2721436232923498,5.417696372039136,0.0,0.0,0.0,222.35,1.01026401026175,49.23272827588935,0.0,0.0,0.0,1.066713356932266,0.01026401026175009,0.5159903612410667,0.0,1.0,0.0
