status,value,system_cost,co2_emissions,main mean demand,main energy weighted price,ev1 mean demand,ev1 energy weighted price,ev2 mean demand,ev2 energy weighted price,price closure,scenario,demand series,demand_ev1 series,demand_ev2 series,ev_load,ev2_pct,lost_load dispatch,main_node_curtailment dispatch,fossgas capacity,fossgas dispatch,solar series,solar capacity,wind series,wind capacity,storage_ev1 capacity,storage_ev1 dispatch,storage_ev1 stored,storage_ev2 capacity,storage_ev2 dispatch,storage_ev2 stored,storage capacity,storage dispatch,storage stored,transfer capacity,transfer dispatch,fossgas curtailment,ev demand,total demand,ev load fraction
optimal,7892.684485,0.898529654,0,1,0.898529654,1.00E-10,0,1.00E-16,0.763260016,2.22E-15,Mike_EV\Looping_Sol_Bat_evLoad0p0_pctEVLoad21e-06\Looping_Sol_Bat_evLoad0p0_pctEVLoad21e-06_20220317-162751.xlsx,1,1.00E-10,1.00E-16,1.00E-10,0%,0.018475738,3.134849101,0,0,0.120154076,34.70658663,0.272143623,0,2.22E-08,1.00E-10,0,2.22E-14,0,0,29.44240448,0.483380902,4.995437841,0,0,0,2.00E-10,1,2.00E-10
optimal,7893.055469,0.898571889,0,1,0.898266295,0.1,0.036419078,1.00E-11,0.764332428,-0.003336314,Mike_EV\Looping_Sol_Bat_evLoad0p1_pctEVLoad20p0\Looping_Sol_Bat_evLoad0p1_pctEVLoad20p0_20220317-141339.xlsx,1,0.1,1.00E-11,1.00E-01,0%,0.018699974,3.023968469,0,0,0.120154076,34.70658656,0.272143623,0,22.235,0.1,1.115548482,2.22E-09,2.10E-10,0,29.16085224,0.483156667,5.55960168,0,2.00E-10,0,0.2,1.2,0.166666667
optimal,7910.823766,0.900594691,0,1,0.88969508,0.1999998,0.098713774,2.00E-07,0.75866492,-0.008843275,Mike_EV\Looping_Sol_Bat_evLoad0p2_pctEVLoad21e-06\Looping_Sol_Bat_evLoad0p2_pctEVLoad21e-06_20220317-173111.xlsx,1,0.1999998,2.00E-07,2.00E-01,0%,0.017683159,3.071592448,0,0,0.120154076,36.03652748,0.272143623,0,44.46995553,0.1999998,3.234761159,4.45E-05,4.05E-08,3.86E-06,28.34896891,0.483310981,6.031429152,1.29E-06,-1.60E-07,0,0.3999996,1.3999996,0.285714082
optimal,7988.363286,0.90942205,0,1,0.874075286,0.2999997,0.160581903,3.00E-07,0.744148011,-0.012827982,Mike_EV\Looping_Sol_Bat_evLoad0p3_pctEVLoad21e-06\Looping_Sol_Bat_evLoad0p3_pctEVLoad21e-06_20220317-180149.xlsx,1,0.2999997,3.00E-07,3.00E-01,0%,0.017694186,3.24008017,0,0,0.120154076,38.36233498,0.272143623,0,66.70493329,0.2999997,5.260110067,6.67E-05,6.07E-08,7.59E-06,25.31638787,0.481926593,5.920867394,2.00E-06,-2.39E-07,0,0.5999994,1.5999994,0.374999766
optimal,8100.097619,0.922142261,0,1,0.855470222,0.3999996,0.227169966,4.00E-07,0.728165664,-0.024196148,Mike_EV\Looping_Sol_Bat_evLoad0p4_pctEVLoad21e-06\Looping_Sol_Bat_evLoad0p4_pctEVLoad21e-06_20220317-185727.xlsx,1,0.3999996,4.00E-07,4.00E-01,0%,0.016788763,3.473593853,0,0,0.120154076,41.23778521,0.272143623,0,88.93991106,0.3999996,7.430257022,8.89E-05,1.46E-07,1.20E-05,22.9744726,0.481432378,5.709381411,2.84E-06,-2.54E-07,0,0.7999992,1.7999992,0.444444198
optimal,8247.164177,0.938884811,0,1,0.852938631,0.4999995,0.224497859,5.00E-07,0.736262816,-0.026303006,Mike_EV\Looping_Sol_Bat_evLoad0p5_pctEVLoad21e-06\Looping_Sol_Bat_evLoad0p5_pctEVLoad21e-06_20220317-193221.xlsx,1,0.4999995,5.00E-07,5.00E-01,0%,0.015452948,3.713862567,0,0,0.120154076,44.17356264,0.272143623,0,111.1748888,0.4999995,9.531792077,0.000111175,2.41E-07,1.53E-05,21.59048156,0.481506355,5.566820823,3.65E-06,-2.59E-07,0,0.999999,1.999999,0.49999975
optimal,8398.252374,0.956085197,0,1,0.852842523,0.5999994,0.224731325,6.00E-07,0.740641862,-0.03159643,Mike_EV\Looping_Sol_Bat_evLoad0p6_pctEVLoad21e-06\Looping_Sol_Bat_evLoad0p6_pctEVLoad21e-06_20220317-200703.xlsx,1,0.5999994,6.00E-07,6.00E-01,0%,0.014096929,3.961830541,0,0,0.120154076,47.17369916,0.272143623,0,133.4098666,0.5999994,11.70828723,0.00013341,4.08E-07,1.92E-05,20.17615075,0.481695337,5.417443688,4.37E-06,-1.92E-07,0,1.1999988,2.1999988,0.545454298
optimal,8556.512936,0.97410211,0,1,0.839332544,0.6999993,0.251448553,7.00E-07,0.740526527,-0.041244764,Mike_EV\Looping_Sol_Bat_evLoad0p7_pctEVLoad21e-06\Looping_Sol_Bat_evLoad0p7_pctEVLoad21e-06_20220317-203714.xlsx,1,0.6999993,7.00E-07,7.00E-01,0%,0.011522788,4.229893259,0,0,0.120154076,50.35239947,0.272143623,0,155.6448444,0.6999993,13.70610148,0.000155645,5.81E-07,2.29E-05,20.10668408,0.483159082,5.506145928,4.91E-06,-1.19E-07,0,1.3999986,2.3999986,0.58333309
optimal,8752.489952,0.996412791,0,1,0.801297776,0.7999992,0.318533855,8.00E-07,0.732119471,-0.059712401,Mike_EV\Looping_Sol_Bat_evLoad0p8_pctEVLoad21e-06\Looping_Sol_Bat_evLoad0p8_pctEVLoad21e-06_20220317-210726.xlsx,1,0.7999992,8.00E-07,8.00E-01,0%,0.009579391,4.48201407,0,0,0.120154076,53.3927344,0.272143623,0,177.8798221,0.7999992,15.86929327,0.00017788,7.47E-07,2.74E-05,20.02630219,0.48413814,5.550020866,5.54E-06,-5.27E-08,0,1.5999984,2.5999984,0.615384379
optimal,8966.798903,1.02081044,0,1,0.800475983,0.8999991,0.319738396,9.00E-07,0.735210903,-0.067430474,Mike_EV\Looping_Sol_Bat_evLoad0p9_pctEVLoad21e-06\Looping_Sol_Bat_evLoad0p9_pctEVLoad21e-06_20220317-213956.xlsx,1,0.8999991,9.00E-07,9.00E-01,0%,0.009070935,4.710357965,0,0,0.120154076,56.22203109,0.272143623,0,200.1147999,0.8999991,18.25900971,0.000200115,9.13E-07,3.15E-05,18.75307289,0.483812552,5.34171188,1.15E-05,1.32E-08,0,1.7999982,2.7999982,0.642856913
optimal,9191.531294,1.046394728,0,1,0.7795103,0.999999,0.348560366,1.00E-06,0.715429413,-0.081676305,Mike_EV\Looping_Sol_Bat_evLoad1_pctEVLoad21e-06\Looping_Sol_Bat_evLoad1_pctEVLoad21e-06_20220317-221526.xlsx,1,0.999999,1.00E-06,1.00E+00,0%,0.007569307,4.954372557,0,0,0.120154076,59.19096969,0.272143623,0,222.3497777,0.999999,20.47208366,0.00022235,1.03E-06,3.59E-05,18.65361891,0.484513025,5.37059936,1.28E-05,3.09E-08,0,1.999998,2.999998,0.666666444
optimal,7840.146052,0.892548503,0,1,0.852760278,0.63,0.224895011,0.07,0.756113855,-0.154823602,Mike_EV\Looping_Sol_Bat_evLoad0p7_pctEVLoad20p1\Looping_Sol_Bat_evLoad0p7_pctEVLoad20p1_20220317-204009.xlsx,1,0.63,0.07,7.00E-01,10%,0.015702338,4.19863937,0,0,0.120154076,50.05361133,0.272143623,0,140.0805,0.63,12.37815525,15.5645,0.34783523,4.154954409,4.854358602,0.201244602,1.424680043,0.817902266,0.27783523,0,1.26,2.26,0.557522124
optimal,8094.779989,0.921536884,0,1,0.773450692,0.9,0.333498444,0.1,0.718532874,-0.223915695,Mike_EV\Looping_Sol_Bat_evLoad1_pctEVLoad20p1\Looping_Sol_Bat_evLoad1_pctEVLoad20p1_20220317-221903.xlsx,1,0.9,0.1,1.00E+00,10%,0.00922671,4.993586025,0,0,0.120154076,59.50173865,0.272143623,0,200.115,0.9,17.75429792,22.235,0.582774698,6.04046479,0,0,0,1.344281262,0.482774698,0,1.8,2.8,0.642857143
optimal,7707.71604,0.877472227,0,1,0.881761316,0.27,0.164517476,0.03,0.777066113,-0.072020791,Mike_EV\Looping_Sol_Bat_evLoad0p3_pctEVLoad20p1\Looping_Sol_Bat_evLoad0p3_pctEVLoad20p1_20220317-180436.xlsx,1,0.27,0.03,3.00E-01,10%,0.01847523,3.253555363,0,0,0.120154076,38.46716322,0.272143623,0,60.0345,0.27,4.674450398,6.6705,0.035705608,0.86314398,20.04123829,0.475383729,5.138730064,0.192102537,0.005705608,0,0.54,1.54,0.350649351
optimal,7790.282205,0.886871836,0,1,0.852843445,0.54,0.224728557,0.06,0.755997586,-0.132684885,Mike_EV\Looping_Sol_Bat_evLoad0p6_pctEVLoad20p1\Looping_Sol_Bat_evLoad0p6_pctEVLoad20p1_20220317-200955.xlsx,1,0.54,0.06,6.00E-01,10%,0.016634854,3.952209009,0,0,0.120154076,47.07009965,0.272143623,0,120.069,0.54,10.44949014,13.341,0.205254233,2.880327658,8.255728983,0.333941674,2.828093263,0.618029715,0.145254233,0,1.08,2.08,0.519230769
optimal,7892.684469,0.898529653,0,1,0.898529654,9.00E-11,0,1.00E-11,0.763260016,-1.84E-09,Mike_EV\Looping_Sol_Bat_evLoad0p0_pctEVLoad20p1\Looping_Sol_Bat_evLoad0p0_pctEVLoad20p1_20220317-154001.xlsx,1,9.00E-11,1.00E-11,1.00E-10,10%,0.018475738,3.134849093,0,0,0.120154076,34.70658656,0.272143623,0,2.00E-08,9.00E-11,0,2.22E-09,2.02E-10,0,29.44240442,0.483380902,4.995437844,0,1.92E-10,0,1.80E-10,1,1.80E-10
optimal,7809.671822,0.889079215,0,1,0.898266317,0.09,0.036416319,0.01,0.7912842,-0.020377413,Mike_EV\Looping_Sol_Bat_evLoad0p1_pctEVLoad20p1\Looping_Sol_Bat_evLoad0p1_pctEVLoad20p1_20220317-110144.xlsx,1,0.09,0.01,1.00E-01,10%,0.0188483,3.051454716,0,0,0.120154076,34.93382017,0.272143623,0,20.0115,0.09,0.997637632,2.2235,0.011483821,0.157460268,27.35096931,0.48137212,5.388457798,0.051504722,0.001483821,0,0.18,1.18,0.152542373
optimal,7735.753297,0.880664082,0,1,0.893765575,0.18,0.057500723,0.02,0.796709392,-0.039385811,Mike_EV\Looping_Sol_Bat_evLoad0p2_pctEVLoad20p1\Looping_Sol_Bat_evLoad0p2_pctEVLoad20p1_20220317-173406.xlsx,1,0.18,0.02,2.00E-01,10%,0.018821552,3.069316033,0,0,0.120154076,36.00704199,0.272143623,0,40.023,0.18,2.932376904,4.447,0.023410863,0.472041385,24.39418793,0.478780071,5.541290876,0.119001768,0.003410863,0,0.36,1.36,0.264705882
optimal,7712.398799,0.878005328,0,1,0.872754615,0.36,0.16474662,0.04,0.780847184,-0.085291958,Mike_EV\Looping_Sol_Bat_evLoad0p4_pctEVLoad20p1\Looping_Sol_Bat_evLoad0p4_pctEVLoad20p1_20220317-190022.xlsx,1,0.36,0.04,4.00E-01,10%,0.018489094,3.463875386,0,0,0.120154076,41.1411594,0.272143623,0,80.046,0.36,6.607422241,8.894,0.058175736,1.373660528,15.32258969,0.461600812,4.507653274,0.273804604,0.018175736,0,0.72,1.72,0.418604651
optimal,7740.769606,0.881235155,0,1,0.853271965,0.45,0.223583464,0.05,0.756012556,-0.110449997,Mike_EV\Looping_Sol_Bat_evLoad0p5_pctEVLoad20p1\Looping_Sol_Bat_evLoad0p5_pctEVLoad20p1_20220317-193539.xlsx,1,0.45,0.05,5.00E-01,10%,0.017571987,3.705698827,0,0,0.120154076,44.08598389,0.272143623,0,100.0575,0.45,8.530189684,11.1175,0.114620459,1.983065087,11.65738414,0.414802167,3.805156739,0.418140451,0.064620459,0,0.9,1.9,0.473684211
optimal,7897.355341,0.8990614,0,1,0.839079729,0.72,0.251902722,0.08,0.751362697,-0.181497304,Mike_EV\Looping_Sol_Bat_evLoad0p8_pctEVLoad20p1\Looping_Sol_Bat_evLoad0p8_pctEVLoad20p1_20220317-211017.xlsx,1,0.72,0.08,8.00E-01,10%,0.013547399,4.465218395,0,0,0.120154076,53.21615773,0.272143623,0,160.092,0.72,14.14711515,17.788,0.443857206,4.919050397,2.805047199,0.116366489,0.752123626,0.949575139,0.363857206,0,1.44,2.44,0.590163934
optimal,7983.828374,0.90890578,0,1,0.801591448,0.81,0.318002551,0.09,0.738458159,-0.216728969,Mike_EV\Looping_Sol_Bat_evLoad0p9_pctEVLoad20p1\Looping_Sol_Bat_evLoad0p9_pctEVLoad20p1_20220317-214332.xlsx,1,0.81,0.09,9.00E-01,10%,0.011847384,4.719793958,0,0,0.120154076,56.2747287,0.272143623,0,180.1035,0.81,16.29376584,20.0115,0.538434134,5.522507276,0.785331156,0.032587149,0.203234938,1.15375428,0.448434134,0,1.62,2.62,0.618320611
optimal,7251.872767,0.825577501,0,1,0.871194106,0.4,0.161971532,0.1,0.785244267,-0.188929644,Mike_EV\Looping_Sol_Bat_evLoad0p5_pctEVLoad20p2\Looping_Sol_Bat_evLoad0p5_pctEVLoad20p2_20220317-193859.xlsx,1,0.4,0.1,5.00E-01,20%,0.019005287,3.707015788,0,0,0.120154076,44.08360818,0.272143623,0,88.94,0.4,7.29755098,22.235,0.465962449,5.405877413,2.704773925,0.112027839,0.718376241,0.958754755,0.365962449,0,0.8,1.8,0.444444444
optimal,7726.288262,0.879586551,0,1,0.898266674,0.08,0.036368825,0.02,0.791282285,-0.037415275,Mike_EV\Looping_Sol_Bat_evLoad0p1_pctEVLoad20p2\Looping_Sol_Bat_evLoad0p1_pctEVLoad20p2_20220317-110442.xlsx,1,0.08,0.02,1.00E-01,20%,0.018996627,3.078940648,0,0,0.120154076,35.16105372,0.272143623,0,17.788,0.08,0.875730608,4.447,0.023173406,0.322284335,25.54108633,0.479384002,5.219744297,0.103094243,0.003173406,0,0.16,1.16,0.137931034
optimal,7564.899783,0.861213545,0,1,0.893765802,0.16,0.057495208,0.04,0.796718254,-0.07362022,Mike_EV\Looping_Sol_Bat_evLoad0p2_pctEVLoad20p2\Looping_Sol_Bat_evLoad0p2_pctEVLoad20p2_20220317-173651.xlsx,1,0.16,0.04,2.00E-01,20%,0.020007984,3.067092535,0,0,0.120154076,35.97755595,0.272143623,0,35.576,0.16,2.597196086,8.894,0.047615656,1.003175493,20.43936737,0.47340726,5.060988859,0.230691866,0.007615656,0,0.32,1.32,0.242424242
optimal,7334.32221,0.834963822,0,1,0.872938425,0.32,0.163842479,0.08,0.781942602,-0.152959605,Mike_EV\Looping_Sol_Bat_evLoad0p4_pctEVLoad20p2\Looping_Sol_Bat_evLoad0p4_pctEVLoad20p2_20220317-190319.xlsx,1,0.32,0.08,4.00E-01,20%,0.019418411,3.469362535,0,0,0.120154076,41.17816081,0.272143623,0,71.152,0.32,5.623393073,17.788,0.217619215,3.355484525,8.559232065,0.341210932,2.897259936,0.60055352,0.137619215,0,0.64,1.64,0.390243902
optimal,7430.759276,0.845942541,0,1,0.678735284,0.64,0.350427569,0.16,0.647753206,-0.1607069,Mike_EV\Looping_Sol_Bat_evLoad0p8_pctEVLoad20p2\Looping_Sol_Bat_evLoad0p8_pctEVLoad20p2_20220317-211302.xlsx,1,0.64,0.16,8.00E-01,20%,0.008801784,4.60014367,0,0,0.120154076,54.38258061,0.272143623,0,142.304,0.64,10.9541418,35.576,0.644618673,8.075783413,0,0,0,1.344281262,0.484618673,0,1.28,2.28,0.561403509
optimal,7892.684453,0.898529651,0,1,0.898529654,8.00E-11,0,2.00E-11,0.763260016,-3.68E-09,Mike_EV\Looping_Sol_Bat_evLoad0p0_pctEVLoad20p2\Looping_Sol_Bat_evLoad0p0_pctEVLoad20p2_20220317-154244.xlsx,1,8.00E-11,2.00E-11,1.00E-10,20%,0.018475738,3.134849085,0,0,0.120154076,34.70658649,0.272143623,0,1.78E-08,8.00E-11,0,4.45E-09,4.05E-10,0,29.44240437,0.483380902,4.995437847,0,3.85E-10,0,1.60E-10,1,1.60E-10
optimal,7430.692833,0.845934976,0,1,0.881736344,0.24,0.164658357,0.06,0.777179064,-0.121950117,Mike_EV\Looping_Sol_Bat_evLoad0p3_pctEVLoad20p2\Looping_Sol_Bat_evLoad0p3_pctEVLoad20p2_20220317-180735.xlsx,1,0.24,0.06,3.00E-01,20%,0.01898964,3.279287442,0,0,0.120154076,38.67642127,0.272143623,0,53.364,0.24,4.012957207,13.341,0.08423028,1.829600412,14.97385057,0.45623368,4.386088556,0.366229384,0.02423028,0,0.48,1.48,0.324324324
optimal,7211.00179,0.820924612,0,1,0.798061851,0.48,0.257550712,0.12,0.738074786,-0.189330556,Mike_EV\Looping_Sol_Bat_evLoad0p6_pctEVLoad20p2\Looping_Sol_Bat_evLoad0p6_pctEVLoad20p2_20220317-201245.xlsx,1,0.48,0.12,6.00E-01,20%,0.015960952,3.99721136,0,0,0.120154076,47.45063973,0.272143623,0,106.728,0.48,8.62982909,26.682,0.599728436,6.449862885,0,0,0,1.341748636,0.479728436,0,0.96,1.96,0.489795918
optimal,7614.417634,0.866850824,0,1,0.678628577,0.72,0.350567853,0.18,0.647840643,-0.180797923,Mike_EV\Looping_Sol_Bat_evLoad0p9_pctEVLoad20p2\Looping_Sol_Bat_evLoad0p9_pctEVLoad20p2_20220317-214647.xlsx,1,0.72,0.18,9.00E-01,20%,0.006578102,4.858599165,0,0,0.120154076,57.47833151,0.272143623,0,160.092,0.72,12.57469549,40.023,0.665958816,8.966030922,0,0,0,1.344281262,0.485958816,0,1.44,2.44,0.590163934
optimal,7810.625041,0.889187732,0,1,0.633128117,0.8,0.381405221,0.2,0.61776099,-0.172616759,Mike_EV\Looping_Sol_Bat_evLoad1_pctEVLoad20p2\Looping_Sol_Bat_evLoad1_pctEVLoad20p2_20220317-222236.xlsx,1,0.8,0.2,1.00E+00,20%,0.004600001,5.108461867,0,0,0.120154076,60.50037997,0.272143623,0,177.88,0.8,14.1787957,44.47,0.68714464,9.861165348,0,0,0,1.344281262,0.48714464,0,1.6,2.6,0.615384615
optimal,7305.162433,0.831644175,0,1,0.73301812,0.56,0.292394045,0.14,0.68314812,-0.160755347,Mike_EV\Looping_Sol_Bat_evLoad0p7_pctEVLoad20p2\Looping_Sol_Bat_evLoad0p7_pctEVLoad20p2_20220317-204254.xlsx,1,0.56,0.14,7.00E-01,20%,0.012163785,4.301775743,0,0,0.120154076,50.94433742,0.272143623,0,124.516,0.56,9.754719854,31.129,0.622320111,7.250198591,0,0,0,1.344281262,0.482320111,0,1.12,2.12,0.528301887
optimal,7892.684437,0.898529649,0,1,0.898529654,7.00E-11,0,3.00E-11,0.763260016,-5.51E-09,Mike_EV\Looping_Sol_Bat_evLoad0p0_pctEVLoad20p3\Looping_Sol_Bat_evLoad0p0_pctEVLoad20p3_20220317-163617.xlsx,1,7.00E-11,3.00E-11,1.00E-10,30%,0.018475738,3.134849077,0,0,0.120154076,34.70658642,0.272143623,0,1.56E-08,7.00E-11,0,6.67E-09,6.07E-10,0,29.44240431,0.483380902,4.99543785,0,5.77E-10,0,1.40E-10,1,1.40E-10
optimal,7395.687021,0.841949797,0,1,0.897940931,0.14,0.071468142,0.06,0.790317502,-0.113415724,Mike_EV\Looping_Sol_Bat_evLoad0p2_pctEVLoad20p3\Looping_Sol_Bat_evLoad0p2_pctEVLoad20p3_20220317-173941.xlsx,1,0.14,0.06,2.00E-01,30%,0.021047439,3.084292978,0,0,0.120154076,36.11098424,0.272143623,0,31.129,0.14,2.175898678,13.341,0.076342375,1.563718653,16.4059782,0.463557936,4.534732064,0.347532518,0.016342375,0,0.28,1.28,0.21875
optimal,7165.861743,0.815785718,0,1,0.893543823,0.21,0.059000601,0.09,0.797507436,-0.161923901,Mike_EV\Looping_Sol_Bat_evLoad0p3_pctEVLoad20p3\Looping_Sol_Bat_evLoad0p3_pctEVLoad20p3_20220317-181031.xlsx,1,0.21,0.09,3.00E-01,30%,0.02047527,3.280872108,0,0,0.120154076,38.67583087,0.272143623,0,46.6935,0.21,3.431274237,20.0115,0.210960904,3.257652648,9.215469713,0.358017735,3.095162232,0.56211418,0.120960904,0,0.42,1.42,0.295774648
optimal,6959.765248,0.792323002,0,1,0.878059613,0.28,0.184663254,0.12,0.785119948,-0.231656716,Mike_EV\Looping_Sol_Bat_evLoad0p4_pctEVLoad20p3\Looping_Sol_Bat_evLoad0p4_pctEVLoad20p3_20220317-190635.xlsx,1,0.28,0.12,4.00E-01,30%,0.020320897,3.485917868,0,0,0.120154076,41.30751405,0.272143623,0,62.258,0.28,4.713242738,26.682,0.526798842,5.940626785,1.716761952,0.071114006,0.447649011,1.03736771,0.406798842,0,0.56,1.56,0.358974359
optimal,6895.468925,0.785003293,0,1,0.74082946,0.35,0.276756442,0.15,0.684488693,-0.155364225,Mike_EV\Looping_Sol_Bat_evLoad0p5_pctEVLoad20p3\Looping_Sol_Bat_evLoad0p5_pctEVLoad20p3_20220317-194219.xlsx,1,0.35,0.15,5.00E-01,30%,0.015977096,3.797174457,0,0,0.120154076,44.86162634,0.272143623,0,77.8225,0.35,5.585992515,33.3525,0.630706479,7.24133306,0,0,0,1.344281262,0.480706479,0,0.7,1.7,0.411764706
optimal,6973.281806,0.793861772,0,1,0.74064087,0.42,0.277115075,0.18,0.684634453,-0.18640163,Mike_EV\Looping_Sol_Bat_evLoad0p6_pctEVLoad20p3\Looping_Sol_Bat_evLoad0p6_pctEVLoad20p3_20220317-201534.xlsx,1,0.42,0.18,6.00E-01,30%,0.011692831,4.127167523,0,0,0.120154076,48.57129057,0.272143623,0,93.387,0.42,6.433221544,40.023,0.66359376,8.376559497,0,0,0,1.344281262,0.48359376,0,0.84,1.84,0.456521739
optimal,7075.271579,0.80547263,0,1,0.682748377,0.49,0.354034798,0.21,0.641874305,-0.185546402,Mike_EV\Looping_Sol_Bat_evLoad0p7_pctEVLoad20p3\Looping_Sol_Bat_evLoad0p7_pctEVLoad20p3_20220317-204539.xlsx,1,0.49,0.21,7.00E-01,30%,0.007927891,4.43666754,0,0,0.120154076,52.10581612,0.272143623,0,108.9515,0.49,7.437428079,46.6935,0.696185356,9.499052432,0,0,0,1.344281262,0.486185356,0,0.98,1.98,0.494949495
optimal,7443.588631,0.847403077,0,1,0.63330528,0.63,0.380626188,0.27,0.618431286,-0.192673148,Mike_EV\Looping_Sol_Bat_evLoad0p9_pctEVLoad20p3\Looping_Sol_Bat_evLoad0p9_pctEVLoad20p3_20220317-214956.xlsx,1,0.63,0.27,9.00E-01,30%,0.00391472,4.917606369,0,0,0.120154076,57.99394736,0.272143623,0,140.0805,0.63,9.823696068,60.0345,0.758483939,11.91421287,0,0,0,1.344281262,0.488483939,0,1.26,2.26,0.557522124
optimal,7672.333753,0.873444189,0,1,0.58438639,0.7,0.419224998,0.3,0.56570774,-0.174112022,Mike_EV\Looping_Sol_Bat_evLoad1_pctEVLoad20p3\Looping_Sol_Bat_evLoad1_pctEVLoad20p3_20220317-222544.xlsx,1,0.7,0.3,1.00E+00,30%,0.002654901,5.138269053,0,0,0.120154076,60.76639783,0.272143623,0,155.645,0.7,11.06119315,66.705,0.789022052,13.18059149,0,0,0,1.344281262,0.489022052,0,1.4,2.4,0.583333333
optimal,7643.058031,0.870111342,0,1,0.898527261,0.07,1.44E-08,0.03,0.790297985,-0.052124859,Mike_EV\Looping_Sol_Bat_evLoad0p1_pctEVLoad20p3\Looping_Sol_Bat_evLoad0p1_pctEVLoad20p3_20220317-110738.xlsx,1,0.07,0.03,1.00E-01,30%,0.019234564,3.106525958,0,0,0.120154076,35.38828727,0.272143623,0,15.5645,0.07,0.758068783,6.6705,0.03492593,0.486535506,23.61876195,0.477245447,5.04319616,0.158289283,0.00492593,0,0.14,1.14,0.122807018
optimal,7241.026459,0.824342721,0,1,0.641066193,0.56,0.382931029,0.24,0.613612117,-0.178431757,Mike_EV\Looping_Sol_Bat_evLoad0p8_pctEVLoad20p3\Looping_Sol_Bat_evLoad0p8_pctEVLoad20p3_20220317-211549.xlsx,1,0.56,0.24,8.00E-01,30%,0.005538833,4.691630468,0,0,0.120154076,55.17398375,0.272143623,0,124.516,0.56,8.690140529,53.364,0.727647306,10.70435788,0,0,0,1.344281262,0.487647306,0,1.12,2.12,0.528301887
optimal,7578.862299,0.862803085,0,1,0.584350736,0.6,0.419236332,0.4,0.565681975,-0.19936224,Mike_EV\Looping_Sol_Bat_evLoad1_pctEVLoad20p4\Looping_Sol_Bat_evLoad1_pctEVLoad20p4_20220317-222847.xlsx,1,0.6,0.4,1.00E+00,40%,0.00159079,5.137081981,0,0,0.120154076,60.76639783,0.272143623,0,133.41,0.6,8.367777633,88.94,0.890086162,16.29943045,0,0,0,1.344281262,0.490086162,0,1.2,2.2,0.545454545
optimal,7559.856507,0.860639402,0,1,0.898527099,0.06,1.44E-08,0.04,0.790302847,-0.069499812,Mike_EV\Looping_Sol_Bat_evLoad0p1_pctEVLoad20p4\Looping_Sol_Bat_evLoad0p1_pctEVLoad20p4_20220317-111041.xlsx,1,0.06,0.04,1.00E-01,40%,0.019487589,3.13412778,0,0,0.120154076,35.61552081,0.272143623,0,13.341,0.06,0.636575959,8.894,0.047012553,0.656014144,21.67754778,0.47475932,4.871809952,0.211211837,0.007012553,0,0.12,1.12,0.107142857
optimal,7228.751684,0.822945319,0,1,0.898257751,0.12,0.03651297,0.08,0.791493129,-0.143013438,Mike_EV\Looping_Sol_Bat_evLoad0p2_pctEVLoad20p4\Looping_Sol_Bat_evLoad0p2_pctEVLoad20p4_20220317-174224.xlsx,1,0.12,0.08,2.00E-01,40%,0.021508645,3.134518862,0,0,0.120154076,36.524455,0.272143623,0,26.682,0.12,1.685515395,17.788,0.132572981,2.185544817,12.64629988,0.426616825,3.904952212,0.451153019,0.052572981,0,0.24,1.24,0.193548387
optimal,6708.087608,0.763671176,0,1,0.796180787,0.24,0.256109341,0.16,0.734527919,-0.21150032,Mike_EV\Looping_Sol_Bat_evLoad0p4_pctEVLoad20p4\Looping_Sol_Bat_evLoad0p4_pctEVLoad20p4_20220317-190952.xlsx,1,0.24,0.16,4.00E-01,40%,0.017462449,3.597872108,0,0,0.120154076,42.26523084,0.272143623,0,53.364,0.24,3.516428389,35.576,0.640299156,7.201996823,0,0,0,1.344281262,0.480299156,0,0.48,1.48,0.324324324
optimal,7119.546933,0.810513084,0,1,0.641037815,0.48,0.382947112,0.32,0.613580919,-0.210685239,Mike_EV\Looping_Sol_Bat_evLoad0p8_pctEVLoad20p4\Looping_Sol_Bat_evLoad0p8_pctEVLoad20p4_20220317-211849.xlsx,1,0.48,0.32,8.00E-01,40%,0.003676591,4.730890942,0,0,0.120154076,55.51787602,0.272143623,0,106.728,0.48,6.542722681,71.152,0.809408929,12.9962576,0,0,0,1.344281262,0.489408929,0,0.96,1.96,0.489795918
optimal,6910.094853,0.786668358,0,1,0.893556097,0.18,0.057464558,0.12,0.799169502,-0.2131317,Mike_EV\Looping_Sol_Bat_evLoad0p3_pctEVLoad20p4\Looping_Sol_Bat_evLoad0p3_pctEVLoad20p4_20220317-181320.xlsx,1,0.18,0.12,3.00E-01,40%,0.021594443,3.2932571,0,0,0.120154076,38.76846457,0.272143623,0,40.023,0.18,2.841297064,26.682,0.437075605,5.361080112,3.891819155,0.160735541,1.061436236,0.875236011,0.317075605,0,0.36,1.36,0.264705882
optimal,6734.381375,0.766664546,0,1,0.750434941,0.3,0.315664158,0.2,0.689587313,-0.216387105,Mike_EV\Looping_Sol_Bat_evLoad0p5_pctEVLoad20p4\Looping_Sol_Bat_evLoad0p5_pctEVLoad20p4_20220317-194527.xlsx,1,0.3,0.2,5.00E-01,40%,0.012733295,3.915170411,0,0,0.120154076,45.87327788,0.272143623,0,66.705,0.3,4.110944355,44.47,0.68355365,8.531863851,0,0,0,1.344281262,0.48355365,0,0.6,1.6,0.375
optimal,6781.285831,0.772004307,0,1,0.688185786,0.36,0.335688362,0.24,0.648236303,-0.192606003,Mike_EV\Looping_Sol_Bat_evLoad0p6_pctEVLoad20p4\Looping_Sol_Bat_evLoad0p6_pctEVLoad20p4_20220317-201814.xlsx,1,0.36,0.24,6.00E-01,40%,0.0081124,4.243468011,0,0,0.120154076,49.57200551,0.272143623,0,80.046,0.36,4.861601288,53.364,0.726831654,9.884654595,0,0,0,1.344281262,0.486831654,0,0.72,1.72,0.418604651
optimal,6933.539244,0.789337346,0,1,0.641176236,0.42,0.382736358,0.28,0.613440712,-0.18435156,Mike_EV\Looping_Sol_Bat_evLoad0p7_pctEVLoad20p4\Looping_Sol_Bat_evLoad0p7_pctEVLoad20p4_20220317-204827.xlsx,1,0.42,0.28,7.00E-01,40%,0.005529178,4.501711819,0,0,0.120154076,52.66920267,0.272143623,0,93.387,0.42,5.763962091,62.258,0.768409857,11.44534367,0,0,0,1.344281262,0.488409857,0,0.84,1.84,0.456521739
optimal,7892.684421,0.898529647,0,1,0.898529654,6.00E-11,0,4.00E-11,0.763260016,-7.35E-09,Mike_EV\Looping_Sol_Bat_evLoad0p0_pctEVLoad20p4\Looping_Sol_Bat_evLoad0p0_pctEVLoad20p4_20220317-154821.xlsx,1,6.00E-11,4.00E-11,1.00E-10,40%,0.018475738,3.134849069,0,0,0.120154076,34.70658635,0.272143623,0,1.33E-08,6.00E-11,0,8.89E-09,8.09E-10,0,29.44240426,0.483380902,4.995437853,0,7.69E-10,0,1.20E-10,1,1.20E-10
optimal,7335.023773,0.83504369,0,1,0.597065015,0.54,0.418399222,0.36,0.564879655,-0.191313581,Mike_EV\Looping_Sol_Bat_evLoad0p9_pctEVLoad20p4\Looping_Sol_Bat_evLoad0p9_pctEVLoad20p4_20220317-215305.xlsx,1,0.54,0.36,9.00E-01,40%,0.002461192,4.934752052,0,0,0.120154076,58.1500721,0.272143623,0,120.069,0.54,7.407879894,80.046,0.849895747,14.59511639,0,0,0,1.344281262,0.489895747,0,1.08,2.08,0.519230769
optimal,7892.684405,0.898529645,0,1,0.898529654,5.00E-11,0,5.00E-11,0.763260016,-9.19E-09,Mike_EV\Looping_Sol_Bat_evLoad0p0_pctEVLoad20p5\Looping_Sol_Bat_evLoad0p0_pctEVLoad20p5_20220317-155108.xlsx,1,5.00E-11,5.00E-11,1.00E-10,50%,0.018475738,3.134849061,0,0,0.120154076,34.70658628,0.272143623,0,1.11E-08,5.00E-11,0,1.11E-08,1.01E-09,0,29.4424042,0.483380902,4.995437855,0,9.62E-10,0,1.00E-10,1,1.00E-10
optimal,7476.658709,0.851167886,0,1,0.898523107,0.05,1.44E-08,0.05,0.790390862,-0.086874765,Mike_EV\Looping_Sol_Bat_evLoad0p1_pctEVLoad20p5\Looping_Sol_Bat_evLoad0p1_pctEVLoad20p5_20220317-111340.xlsx,1,0.05,0.05,1.00E-01,50%,0.019740655,3.161729316,0,0,0.120154076,35.84275436,0.272143623,0,11.1175,0.05,0.516080456,11.1175,0.059348621,0.836251821,19.7363336,0.472026086,4.694839144,0.269373603,0.009348621,0,0.1,1.1,0.090909091
optimal,7062.020005,0.803964026,0,1,0.898257418,0.1,0.036518353,0.1,0.791494231,-0.17709465,Mike_EV\Looping_Sol_Bat_evLoad0p2_pctEVLoad20p5\Looping_Sol_Bat_evLoad0p2_pctEVLoad20p5_20220317-174511.xlsx,1,0.1,0.1,2.00E-01,50%,0.021806922,3.189492773,0,0,0.120154076,36.97892209,0.272143623,0,22.235,0.1,1.255567291,22.235,0.226568965,3.055789133,9.024969915,0.352040557,3.007084391,0.574209095,0.126568965,0,0.2,1.2,0.166666667
optimal,6657.410016,0.757901869,0,1,0.856825236,0.15,0.088614257,0.15,0.7696841,-0.227668121,Mike_EV\Looping_Sol_Bat_evLoad0p3_pctEVLoad20p5\Looping_Sol_Bat_evLoad0p3_pctEVLoad20p5_20220317-181618.xlsx,1,0.15,0.15,3.00E-01,50%,0.021213604,3.339874383,0,0,0.120154076,39.15973932,0.272143623,0,33.3525,0.15,2.216395957,33.3525,0.627990814,6.612790085,0,0,0,1.344281262,0.477990814,0,0.3,1.3,0.230769231
optimal,6583.110835,0.749443401,0,1,0.760221004,0.2,0.255398753,0.2,0.702019203,-0.202261194,Mike_EV\Looping_Sol_Bat_evLoad0p4_pctEVLoad20p5\Looping_Sol_Bat_evLoad0p4_pctEVLoad20p5_20220317-191307.xlsx,1,0.2,0.2,4.00E-01,50%,0.01483302,3.699022108,0,0,0.120154076,43.13102841,0.272143623,0,44.47,0.2,2.520264059,44.47,0.682557045,8.090278358,0,0,0,1.344281262,0.482557045,0,0.4,1.4,0.285714286
optimal,6587.7479,0.7499713,0,1,0.74259298,0.25,0.345854673,0.25,0.694659266,-0.252750164,Mike_EV\Looping_Sol_Bat_evLoad0p5_pctEVLoad20p5\Looping_Sol_Bat_evLoad0p5_pctEVLoad20p5_20220317-194843.xlsx,1,0.25,0.25,5.00E-01,50%,0.00929767,4.063686059,0,0,0.120154076,47.14063514,0.272143623,0,55.5875,0.25,3.042139594,55.5875,0.736506881,9.486376112,0,0,0,1.344281262,0.486506881,0,0.5,1.5,0.333333333
optimal,6658.899924,0.758071485,0,1,0.648577264,0.3,0.466146681,0.3,0.628218604,-0.218815364,Mike_EV\Looping_Sol_Bat_evLoad0p6_pctEVLoad20p5\Looping_Sol_Bat_evLoad0p6_pctEVLoad20p5_20220317-202057.xlsx,1,0.3,0.3,6.00E-01,50%,0.005977644,4.305037809,0,0,0.120154076,50.10402829,0.272143623,0,66.705,0.3,3.69012491,66.705,0.788787606,11.31036575,0,0,0,1.344281262,0.488787606,0,0.6,1.6,0.375
optimal,6827.240137,0.777235899,0,1,0.641150504,0.35,0.382749157,0.35,0.613416248,-0.212572497,Mike_EV\Looping_Sol_Bat_evLoad0p7_pctEVLoad20p5\Looping_Sol_Bat_evLoad0p7_pctEVLoad20p5_20220317-205106.xlsx,1,0.35,0.35,7.00E-01,50%,0.003899665,4.536065017,0,0,0.120154076,52.9701084,0.272143623,0,77.8225,0.35,4.17845456,77.8225,0.839946978,13.17012769,0,0,0,1.344281262,0.489946978,0,0.7,1.7,0.411764706
optimal,7028.013929,0.80009266,0,1,0.597093374,0.4,0.418330957,0.4,0.564795639,-0.190251352,Mike_EV\Looping_Sol_Bat_evLoad0p8_pctEVLoad20p5\Looping_Sol_Bat_evLoad0p8_pctEVLoad20p5_20220317-212157.xlsx,1,0.4,0.4,8.00E-01,50%,0.002462501,4.744375598,0,0,0.120154076,55.64132339,0.272143623,0,88.94,0.4,4.726442156,88.94,0.890587302,15.08511921,0,0,0,1.344281262,0.490587302,0,0.8,1.8,0.444444444
optimal,7250.921921,0.825469253,0,1,0.597034929,0.45,0.418411861,0.45,0.564856039,-0.214036231,Mike_EV\Looping_Sol_Bat_evLoad0p9_pctEVLoad20p5\Looping_Sol_Bat_evLoad0p9_pctEVLoad20p5_20220317-215619.xlsx,1,0.45,0.45,9.00E-01,50%,0.001503748,4.933683868,0,0,0.120154076,58.1500721,0.272143623,0,100.0575,0.45,5.319451136,100.0575,0.940853191,17.07579699,0,0,0,1.344281262,0.490853191,0,0.9,1.9,0.473684211
optimal,7485.42964,0.852166398,0,1,0.584342386,0.5,0.419241572,0.5,0.565674034,-0.224633791,Mike_EV\Looping_Sol_Bat_evLoad1_pctEVLoad20p5\Looping_Sol_Bat_evLoad1_pctEVLoad20p5_20220317-223141.xlsx,1,0.5,0.5,1.00E+00,50%,0.000527122,5.13589465,0,0,0.120154076,60.76639783,0.272143623,0,111.175,0.5,5.996735929,111.175,0.991149831,19.16343182,0,0,0,1.344281262,0.491149831,0,1,2,0.5
optimal,7393.465075,0.841696844,0,1,0.898523078,0.04,1.44E-08,0.06,0.790391622,-0.104249732,Mike_EV\Looping_Sol_Bat_evLoad0p1_pctEVLoad20p6\Looping_Sol_Bat_evLoad0p1_pctEVLoad20p6_20220317-111649.xlsx,1,0.04,0.06,1.00E-01,60%,0.019993769,3.18933062,0,0,0.120154076,36.0699879,0.272143623,0,8.894,0.04,0.397973378,13.341,0.072611791,1.021577011,17.79511943,0.468367722,4.515802417,0.327535368,0.012611791,0,0.08,1.08,0.074074074
optimal,6895.301351,0.784984216,0,1,0.898237435,0.08,0.036521821,0.12,0.791669378,-0.21117529,Mike_EV\Looping_Sol_Bat_evLoad0p2_pctEVLoad20p6\Looping_Sol_Bat_evLoad0p2_pctEVLoad20p6_20220317-174800.xlsx,1,0.08,0.12,2.00E-01,60%,0.022105339,3.244463975,0,0,0.120154076,37.43338918,0.272143623,0,17.788,0.08,0.957526279,26.682,0.375763723,4.456054832,5.403639949,0.222277461,1.584211804,0.7869251,0.255763723,0,0.16,1.16,0.137931034
optimal,6518.519145,0.742090067,0,1,0.760448331,0.12,0.254640066,0.18,0.701690129,-0.175219296,Mike_EV\Looping_Sol_Bat_evLoad0p3_pctEVLoad20p6\Looping_Sol_Bat_evLoad0p3_pctEVLoad20p6_20220317-181927.xlsx,1,0.12,0.18,3.00E-01,60%,0.018742358,3.413899454,0,0,0.120154076,39.79838017,0.272143623,0,26.682,0.12,1.553404117,40.023,0.660148416,7.208435338,0,0,0,1.344281262,0.480148416,0,0.24,1.24,0.193548387
optimal,6466.626025,0.73618238,0,1,0.753274377,0.16,0.283189537,0.24,0.705713426,-0.231773546,Mike_EV\Looping_Sol_Bat_evLoad0p4_pctEVLoad20p6\Looping_Sol_Bat_evLoad0p4_pctEVLoad20p6_20220317-191630.xlsx,1,0.16,0.24,4.00E-01,60%,0.012270301,3.802828982,0,0,0.120154076,44.01832715,0.272143623,0,35.576,0.16,1.830992758,53.364,0.724751693,8.700112055,0,0,0,1.344281262,0.484751693,0,0.32,1.32,0.242424242
optimal,6461.921298,0.735646778,0,1,0.719981283,0.2,0.377589792,0.3,0.679721885,-0.263769029,Mike_EV\Looping_Sol_Bat_evLoad0p5_pctEVLoad20p6\Looping_Sol_Bat_evLoad0p5_pctEVLoad20p6_20220317-195200.xlsx,1,0.2,0.3,5.00E-01,60%,0.006950491,4.139963802,0,0,0.120154076,47.79697116,0.272143623,0,44.47,0.2,2.246388122,66.705,0.788612231,10.51592758,0,0,0,1.344281262,0.488612231,0,0.4,1.4,0.285714286
optimal,6596.327937,0.75094808,0,1,0.648557464,0.24,0.466158033,0.36,0.628201072,-0.235639698,Mike_EV\Looping_Sol_Bat_evLoad0p6_pctEVLoad20p6\Looping_Sol_Bat_evLoad0p6_pctEVLoad20p6_20220317-202338.xlsx,1,0.24,0.36,6.00E-01,60%,0.004473656,4.37163749,0,0,0.120154076,50.67205174,0.272143623,0,53.364,0.24,2.477922279,80.046,0.850100957,12.58873484,0,0,0,1.344281262,0.490100957,0,0.48,1.48,0.324324324
optimal,6750.025623,0.76844554,0,1,0.641016254,0.28,0.473871032,0.42,0.620338643,-0.265796833,Mike_EV\Looping_Sol_Bat_evLoad0p7_pctEVLoad20p6\Looping_Sol_Bat_evLoad0p7_pctEVLoad20p6_20220317-205353.xlsx,1,0.28,0.42,7.00E-01,60%,0.002660788,4.565718156,0,0,0.120154076,53.22830159,0.272143623,0,62.258,0.28,2.783800061,93.387,0.911106577,14.75412394,0,0,0,1.344281262,0.491106577,0,0.56,1.56,0.358974359
optimal,6953.260144,0.791582439,0,1,0.597082899,0.32,0.418338505,0.48,0.564784148,-0.210465173,Mike_EV\Looping_Sol_Bat_evLoad0p8_pctEVLoad20p6\Looping_Sol_Bat_evLoad0p8_pctEVLoad20p6_20220317-212506.xlsx,1,0.32,0.48,8.00E-01,60%,0.001611479,4.743426126,0,0,0.120154076,55.64132339,0.272143623,0,71.152,0.32,3.152200824,106.728,0.971438324,17.00965411,0,0,0,1.344281262,0.491438324,0,0.64,1.64,0.390243902
optimal,7166.917314,0.815905887,0,1,0.596809564,0.36,0.416983145,0.54,0.56558751,-0.236434865,Mike_EV\Looping_Sol_Bat_evLoad0p9_pctEVLoad20p6\Looping_Sol_Bat_evLoad0p9_pctEVLoad20p6_20220317-215928.xlsx,1,0.36,0.54,9.00E-01,60%,0.000547412,4.932616524,0,0,0.120154076,58.1500721,0.272143623,0,80.046,0.36,3.588810729,120.069,1.031809527,19.23369518,0,0,0,1.344281262,0.491809527,0,0.72,1.72,0.418604651
optimal,7439.127277,0.846895182,0,1,0.481317506,0.4,0.477454885,0.6,0.477454883,-0.111877208,Mike_EV\Looping_Sol_Bat_evLoad1_pctEVLoad20p6\Looping_Sol_Bat_evLoad1_pctEVLoad20p6_20220317-223422.xlsx,1,0.4,0.6,1.00E+00,60%,0,5.135306157,0,0,0.120154076,60.76639783,0.272143623,0,88.94,0.4,3.924628165,133.41,1.091676952,21.48767941,0,0,0,1.344281262,0.491676952,0,0.8,1.8,0.444444444
optimal,7892.684388,0.898529643,0,1,0.898529654,4.00E-11,0,6.00E-11,0.763260016,-1.10E-08,Mike_EV\Looping_Sol_Bat_evLoad0p0_pctEVLoad20p6\Looping_Sol_Bat_evLoad0p0_pctEVLoad20p6_20220317-155347.xlsx,1,4.00E-11,6.00E-11,1.00E-10,60%,0.018475738,3.134849052,0,0,0.120154076,34.70658621,0.272143623,0,8.89E-09,4.00E-11,0,1.33E-08,1.21E-09,0,29.44240414,0.483380902,4.995437858,0,1.15E-09,0,8.00E-11,1,8.00E-11
optimal,6694.404917,0.762113492,0,1,0.637962108,0.21,0.44209841,0.49,0.620534521,-0.272751197,Mike_EV\Looping_Sol_Bat_evLoad0p7_pctEVLoad20p7\Looping_Sol_Bat_evLoad0p7_pctEVLoad20p7_20220317-205635.xlsx,1,0.21,0.49,7.00E-01,70%,0.002027583,4.5650119,0,0,0.120154076,53.22830159,0.272143623,0,46.6935,0.21,1.676110847,108.9515,0.981739782,16.10437065,0,0,0,1.344281262,0.491739782,0,0.42,1.42,0.295774648
optimal,6890.623747,0.784451702,0,1,0.596972024,0.24,0.390300454,0.56,0.56872229,-0.224676913,Mike_EV\Looping_Sol_Bat_evLoad0p8_pctEVLoad20p7\Looping_Sol_Bat_evLoad0p8_pctEVLoad20p7_20220317-212805.xlsx,1,0.24,0.56,8.00E-01,70%,0.000898405,4.742630486,0,0,0.120154076,55.64132339,0.272143623,0,53.364,0.24,1.866688149,124.516,1.052151398,18.59541381,0,0,0,1.344281262,0.492151398,0,0.48,1.48,0.324324324
optimal,7310.271476,0.832225806,0,1,0.898523063,0.03,1.44E-08,0.07,0.790391836,-0.121624686,Mike_EV\Looping_Sol_Bat_evLoad0p1_pctEVLoad20p7\Looping_Sol_Bat_evLoad0p1_pctEVLoad20p7_20220317-111959.xlsx,1,0.03,0.07,1.00E-01,70%,0.020246884,3.216931699,0,0,0.120154076,36.29722145,0.272143623,0,6.6705,0.03,0.287888404,15.5645,0.090004295,1.220549017,15.85390525,0.460580822,4.327403838,0.385697134,0.020004295,0,0.06,1.06,0.056603774
optimal,6430.22287,0.732038123,0,1,0.764970814,0.09,0.202304396,0.21,0.716076565,-0.201516166,Mike_EV\Looping_Sol_Bat_evLoad0p3_pctEVLoad20p7\Looping_Sol_Bat_evLoad0p3_pctEVLoad20p7_20220317-182228.xlsx,1,0.09,0.21,3.00E-01,70%,0.016855325,3.487862555,0,0,0.120154076,40.43111741,0.272143623,0,20.0115,0.09,1.060016817,46.6935,0.691738143,7.628771034,0,0,0,1.344281262,0.481738143,0,0.18,1.18,0.152542373
optimal,6400.835294,0.728692543,0,1,0.65069322,0.15,0.423381976,0.35,0.633753764,-0.207321791,Mike_EV\Looping_Sol_Bat_evLoad0p5_pctEVLoad20p7\Looping_Sol_Bat_evLoad0p5_pctEVLoad20p7_20220317-195514.xlsx,1,0.15,0.35,5.00E-01,70%,0.005625936,4.192748139,0,0,0.120154076,48.24838625,0.272143623,0,33.3525,0.15,1.469659229,77.8225,0.839774568,11.41167317,0,0,0,1.344281262,0.489774568,0,0.3,1.3,0.230769231
optimal,6538.622456,0.744378695,0,1,0.637973038,0.18,0.442082929,0.42,0.620547592,-0.233799258,Mike_EV\Looping_Sol_Bat_evLoad0p6_pctEVLoad20p7\Looping_Sol_Bat_evLoad0p6_pctEVLoad20p7_20220317-202622.xlsx,1,0.18,0.42,6.00E-01,70%,0.00305604,4.435661574,0,0,0.120154076,51.21785406,0.272143623,0,40.023,0.18,1.610333719,93.387,0.911339091,13.5555523,0,0,0,1.344281262,0.491339091,0,0.36,1.36,0.264705882
optimal,7118.832672,0.810431771,0,1,0.495709621,0.27,0.47659437,0.63,0.476594369,-0.114212783,Mike_EV\Looping_Sol_Bat_evLoad0p9_pctEVLoad20p7\Looping_Sol_Bat_evLoad0p9_pctEVLoad20p7_20220317-220236.xlsx,1,0.27,0.63,9.00E-01,70%,0,4.932005431,0,0,0.120154076,58.1500721,0.272143623,0,60.0345,0.27,2.080205877,140.0805,1.122356939,20.99955766,0,0,0,1.344281262,0.492356939,0,0.54,1.54,0.350649351
optimal,7439.127276,0.846895182,0,1,0.481317506,0.3,0.477454885,0.7,0.477454883,-0.111877208,Mike_EV\Looping_Sol_Bat_evLoad1_pctEVLoad20p7\Looping_Sol_Bat_evLoad1_pctEVLoad20p7_20220317-223706.xlsx,1,0.3,0.7,1.00E+00,70%,0,5.135306157,0,0,0.120154076,60.76639783,0.272143623,0,66.705,0.3,2.151498791,155.645,1.191676952,23.26080878,0,-2.23E-17,0,1.344281262,0.491676952,0,0.6,1.6,0.375
optimal,7892.684372,0.898529642,0,1,0.898529654,3.00E-11,0,7.00E-11,0.763260016,-1.29E-08,Mike_EV\Looping_Sol_Bat_evLoad0p0_pctEVLoad20p7\Looping_Sol_Bat_evLoad0p0_pctEVLoad20p7_20220317-155630.xlsx,1,3.00E-11,7.00E-11,1.00E-10,70%,0.018475738,3.134849044,0,0,0.120154076,34.70658614,0.272143623,0,6.67E-09,3.00E-11,0,1.56E-08,1.42E-09,0,29.44240409,0.483380902,4.995437861,0,1.35E-09,0,6.00E-11,1,6.00E-11
optimal,6728.609576,0.766007465,0,1,0.898226681,0.06,0.036540025,0.14,0.791740614,-0.245255303,Mike_EV\Looping_Sol_Bat_evLoad0p2_pctEVLoad20p7\Looping_Sol_Bat_evLoad0p2_pctEVLoad20p7_20220317-175040.xlsx,1,0.06,0.14,2.00E-01,70%,0.022404058,3.299429534,0,0,0.120154076,37.88785627,0.272143623,0,13.341,0.06,0.687885402,31.129,0.543834961,5.532545636,1.782309982,0.073691387,0.456748684,1.03066679,0.403834961,0,0.12,1.12,0.107142857
optimal,6355.577874,0.723540286,0,1,0.753178768,0.12,0.283423049,0.28,0.705777198,-0.261266863,Mike_EV\Looping_Sol_Bat_evLoad0p4_pctEVLoad20p7\Looping_Sol_Bat_evLoad0p4_pctEVLoad20p7_20220317-191952.xlsx,1,0.12,0.28,4.00E-01,70%,0.009592699,3.921752366,0,0,0.120154076,45.032466,0.272143623,0,26.682,0.12,1.265809914,62.258,0.767023542,9.220597205,0,0,0,1.344281262,0.487023542,0,0.24,1.24,0.193548387
optimal,6648.703113,0.756910646,0,1,0.637959121,0.14,0.442102326,0.56,0.6205313,-0.290440328,Mike_EV\Looping_Sol_Bat_evLoad0p7_pctEVLoad20p8\Looping_Sol_Bat_evLoad0p7_pctEVLoad20p8_20220317-205916.xlsx,1,0.14,0.56,7.00E-01,80%,0.001507299,4.564431405,0,0,0.120154076,53.22830159,0.272143623,0,31.129,0.14,0.940452609,124.516,1.052260067,17.05611686,0,0,0,1.344281262,0.492260067,0,0.28,1.28,0.21875
optimal,7227.077951,0.822754776,0,1,0.898522966,0.02,1.44E-08,0.08,0.790392897,-0.138999622,Mike_EV\Looping_Sol_Bat_evLoad0p1_pctEVLoad20p8\Looping_Sol_Bat_evLoad0p1_pctEVLoad20p8_20220317-112307.xlsx,1,0.02,0.08,1.00E-01,80%,0.020499999,3.244532505,0,0,0.120154076,36.524455,0.272143623,0,4.447,0.02,0.175704044,17.788,0.116927758,1.524823691,13.91269108,0.443264371,4.04628971,0.445579306,0.036927758,0,0.04,1.04,0.038461538
optimal,6838.398017,0.77850615,0,1,0.59696633,0.16,0.390305626,0.64,0.568716757,-0.244887806,Mike_EV\Looping_Sol_Bat_evLoad0p8_pctEVLoad20p8\Looping_Sol_Bat_evLoad0p8_pctEVLoad20p8_20220317-213057.xlsx,1,0.16,0.64,8.00E-01,80%,0.00030385,4.741966986,0,0,0.120154076,55.64132339,0.272143623,0,35.576,0.16,1.075801122,142.304,1.132745953,19.64580976,0,0,0,1.344281262,0.492745953,0,0.32,1.32,0.242424242
optimal,7892.684356,0.89852964,0,1,0.898529654,2.00E-11,0,8.00E-11,0.763260016,-1.47E-08,Mike_EV\Looping_Sol_Bat_evLoad0p0_pctEVLoad20p8\Looping_Sol_Bat_evLoad0p0_pctEVLoad20p8_20220317-155912.xlsx,1,2.00E-11,8.00E-11,1.00E-10,80%,0.018475738,3.134849036,0,0,0.120154076,34.70658608,0.272143623,0,4.45E-09,2.00E-11,0,1.78E-08,1.62E-09,0,29.44240403,0.483380902,4.995437864,0,1.54E-09,0,4.00E-11,1,4.00E-11
optimal,6499.443164,0.739918393,0,1,0.637970486,0.12,0.442086796,0.48,0.620544321,-0.248963783,Mike_EV\Looping_Sol_Bat_evLoad0p6_pctEVLoad20p8\Looping_Sol_Bat_evLoad0p6_pctEVLoad20p8_20220317-202904.xlsx,1,0.12,0.48,6.00E-01,80%,0.00261001,4.435164124,0,0,0.120154076,51.21785406,0.272143623,0,26.682,0.12,0.88185435,106.728,0.971785122,14.45151551,0,0,0,1.344281262,0.491785122,0,0.24,1.24,0.193548387
optimal,7118.832672,0.81043177,0,1,0.495709621,0.18,0.47659437,0.72,0.476594369,-0.114212783,Mike_EV\Looping_Sol_Bat_evLoad0p9_pctEVLoad20p8\Looping_Sol_Bat_evLoad0p9_pctEVLoad20p8_20220317-220553.xlsx,1,0.18,0.72,9.00E-01,80%,0,4.932005431,0,0,0.120154076,58.1500721,0.272143623,0,40.023,0.18,1.094554807,160.092,1.212356939,21.98520873,0,0,0,1.344281262,0.492356939,0,0.36,1.36,0.264705882
optimal,6262.455466,0.712938919,0,1,0.722512101,0.08,0.329002321,0.32,0.685526127,-0.255261728,Mike_EV\Looping_Sol_Bat_evLoad0p4_pctEVLoad20p8\Looping_Sol_Bat_evLoad0p4_pctEVLoad20p8_20220317-192310.xlsx,1,0.08,0.32,4.00E-01,80%,0.007803879,3.982607856,0,0,0.120154076,45.55531126,0.272143623,0,17.788,0.08,0.78030404,71.152,0.808607095,9.861843582,0,0,0,1.344281262,0.488607095,0,0.16,1.16,0.137931034
optimal,6347.050669,0.722569521,0,1,0.76498316,0.06,0.200896436,0.24,0.716859496,-0.226513704,Mike_EV\Looping_Sol_Bat_evLoad0p3_pctEVLoad20p8\Looping_Sol_Bat_evLoad0p3_pctEVLoad20p8_20220317-182533.xlsx,1,0.06,0.24,3.00E-01,80%,0.015164131,3.550182324,0,0,0.120154076,40.96519298,0.272143623,0,13.341,0.06,0.668011549,53.364,0.723182755,8.01003018,0,0,0,1.344281262,0.483182755,0,0.12,1.12,0.107142857
optimal,6360.884608,0.724144423,0,1,0.650684885,0.1,0.423390942,0.4,0.633746502,-0.222378158,Mike_EV\Looping_Sol_Bat_evLoad0p5_pctEVLoad20p8\Looping_Sol_Bat_evLoad0p5_pctEVLoad20p8_20220317-195826.xlsx,1,0.1,0.4,5.00E-01,80%,0.004625599,4.238682512,0,0,0.120154076,48.63981164,0.272143623,0,22.235,0.1,0.815242549,88.94,0.890637191,12.138051,0,0,0,1.344281262,0.490637191,0,0.2,1.2,0.166666667
optimal,6579.182405,0.748996175,0,1,0.82845637,0.04,0.128945218,0.16,0.765378207,-0.207078516,Mike_EV\Looping_Sol_Bat_evLoad0p2_pctEVLoad20p8\Looping_Sol_Bat_evLoad0p2_pctEVLoad20p8_20220317-175328.xlsx,1,0.04,0.16,2.00E-01,80%,0.021381614,3.359890273,0,0,0.120154076,38.40018638,0.272143623,0,8.894,0.04,0.416871317,35.576,0.638218776,6.119155202,0,0,0,1.344281262,0.478218776,0,0.08,1.08,0.074074074
optimal,7439.127275,0.846895182,0,1,0.481317506,0.2,0.477454885,0.8,0.477454883,-0.111877208,Mike_EV\Looping_Sol_Bat_evLoad1_pctEVLoad20p8\Looping_Sol_Bat_evLoad1_pctEVLoad20p8_20220317-223948.xlsx,1,0.2,0.8,1.00E+00,80%,0,5.135306157,0,0,0.120154076,60.76639783,0.272143623,0,44.47,0.2,1.13135251,177.88,1.291676952,24.28095506,0,0,0,1.344281262,0.491676952,0,0.4,1.4,0.285714286
optimal,7892.68434,0.898529638,0,1,0.898529654,1.00E-11,0,9.00E-11,0.763260016,-1.65E-08,Mike_EV\Looping_Sol_Bat_evLoad0p0_pctEVLoad20p9\Looping_Sol_Bat_evLoad0p0_pctEVLoad20p9_20220317-160200.xlsx,1,1.00E-11,9.00E-11,1.00E-10,90%,0.018475738,3.134849028,0,0,0.120154076,34.70658601,0.272143623,0,2.22E-09,1.00E-11,0,2.00E-08,1.82E-09,0,29.44240398,0.483380902,4.995437867,0,1.73E-09,0,2.00E-11,1,2.00E-11
optimal,7143.884493,0.813283754,0,1,0.898522945,0.01,1.44E-08,0.09,0.790393129,-0.156374573,Mike_EV\Looping_Sol_Bat_evLoad0p1_pctEVLoad20p9\Looping_Sol_Bat_evLoad0p1_pctEVLoad20p9_20220317-112620.xlsx,1,0.01,0.09,1.00E-01,90%,0.020753115,3.272133069,0,0,0.120154076,36.75168854,0.272143623,0,2.2235,0.01,0.079756702,20.0115,0.1544238,1.912446501,11.9714769,0.41537717,3.669187918,0.505787943,0.0644238,0,0.02,1.02,0.019607843
optimal,6489.663086,0.738804996,0,1,0.829121304,0.02,0.037532821,0.18,0.762605163,-0.228335894,Mike_EV\Looping_Sol_Bat_evLoad0p2_pctEVLoad20p9\Looping_Sol_Bat_evLoad0p2_pctEVLoad20p9_20220317-175615.xlsx,1,0.02,0.18,2.00E-01,90%,0.019826847,3.404364837,0,0,0.120154076,38.78452586,0.272143623,0,4.447,0.02,0.205050793,40.023,0.659570404,6.370886638,0,0,0,1.344281262,0.479570404,0,0.04,1.04,0.038461538
optimal,6603.00298,0.75170799,0,1,0.637955907,0.07,0.442106243,0.63,0.620528079,-0.308128045,Mike_EV\Looping_Sol_Bat_evLoad0p7_pctEVLoad20p9\Looping_Sol_Bat_evLoad0p7_pctEVLoad20p9_20220317-210200.xlsx,1,0.07,0.63,7.00E-01,90%,0.000987033,4.563850907,0,0,0.120154076,53.22830159,0.272143623,0,15.5645,0.07,0.43849559,140.0805,1.122780332,17.77638858,0,0,0,1.344281262,0.492780332,0,0.14,1.14,0.122807018
optimal,6199.885564,0.705815752,0,1,0.650735549,0.04,0.423249118,0.36,0.633688793,-0.189977727,Mike_EV\Looping_Sol_Bat_evLoad0p4_pctEVLoad20p9\Looping_Sol_Bat_evLoad0p4_pctEVLoad20p9_20220317-192632.xlsx,1,0.04,0.36,4.00E-01,90%,0.006655142,4.018968376,0,0,0.120154076,45.86845157,0.272143623,0,8.894,0.04,0.309488449,80.046,0.849633685,10.49124163,0,0,0,1.344281262,0.489633685,0,0.08,1.08,0.074074074
optimal,6460.265622,0.73545829,0,1,0.637967777,0.06,0.442090664,0.54,0.620541051,-0.264127094,Mike_EV\Looping_Sol_Bat_evLoad0p6_pctEVLoad20p9\Looping_Sol_Bat_evLoad0p6_pctEVLoad20p9_20220317-203150.xlsx,1,0.06,0.54,6.00E-01,90%,0.002163999,4.434666674,0,0,0.120154076,51.21785406,0.272143623,0,13.341,0.06,0.370740136,120.069,1.032231132,15.13210558,0,0,0,1.344281262,0.492231132,0,0.12,1.12,0.107142857
optimal,6811.707809,0.775467647,0,1,0.495763282,0.08,0.476511477,0.72,0.476511476,-0.101504816,Mike_EV\Looping_Sol_Bat_evLoad0p8_pctEVLoad20p9\Looping_Sol_Bat_evLoad0p8_pctEVLoad20p9_20220317-213345.xlsx,1,0.08,0.72,8.00E-01,90%,0,4.74162784,0,0,0.120154076,55.64132339,0.272143623,0,17.788,0.08,0.464198094,160.092,1.213049804,20.39547402,0,0,0,1.344281262,0.493049804,0,0.16,1.16,0.137931034
optimal,7118.832671,0.81043177,0,1,0.495709621,0.09,0.47659437,0.81,0.476594369,-0.114212783,Mike_EV\Looping_Sol_Bat_evLoad0p9_pctEVLoad20p9\Looping_Sol_Bat_evLoad0p9_pctEVLoad20p9_20220317-220902.xlsx,1,0.09,0.81,9.00E-01,90%,0,4.932005431,0,0,0.120154076,58.1500721,0.272143623,0,20.0115,0.09,0.447917769,180.1035,1.302356939,22.63184577,0,0,0,1.344281262,0.492356939,0,0.18,1.18,0.152542373
optimal,7439.127274,0.846895182,0,1,0.481317506,0.1,0.477454885,0.9,0.477454883,-0.111877208,Mike_EV\Looping_Sol_Bat_evLoad1_pctEVLoad20p9\Looping_Sol_Bat_evLoad1_pctEVLoad20p9_20220317-224235.xlsx,1,0.1,0.9,1.00E+00,90%,0,5.135306157,0,0,0.120154076,60.76639783,0.272143623,0,22.235,0.1,0.499804979,200.115,1.391676952,24.9125026,0,0,0,1.344281262,0.491676952,0,0.2,1.2,0.166666667
optimal,6266.541916,0.713404134,0,1,0.786150022,0.03,1.44E-08,0.27,0.741843777,-0.273043708,Mike_EV\Looping_Sol_Bat_evLoad0p3_pctEVLoad20p9\Looping_Sol_Bat_evLoad0p3_pctEVLoad20p9_20220317-182838.xlsx,1,0.03,0.27,3.00E-01,90%,0.013378529,3.623155083,0,0,0.120154076,41.58876341,0.272143623,0,6.6705,0.03,0.296735216,60.0345,0.754682419,8.339823706,0,0,0,1.344281262,0.484682419,0,0.06,1.06,0.056603774
optimal,6320.945005,0.719597564,0,1,0.650667154,0.05,0.423409838,0.45,0.633730992,-0.237419028,Mike_EV\Looping_Sol_Bat_evLoad0p5_pctEVLoad20p9\Looping_Sol_Bat_evLoad0p5_pctEVLoad20p9_20220317-200127.xlsx,1,0.05,0.45,5.00E-01,90%,0.003625388,4.284616404,0,0,0.120154076,49.03123702,0.272143623,0,11.1175,0.05,0.364507012,100.0575,0.941503048,12.68294597,0,0,0,1.344281262,0.491503048,0,0.1,1.1,0.090909091
optimal,7892.684324,0.898529636,0,1,0.898529654,1.00E-13,0,9.99E-11,0.763260016,-1.84E-08,Mike_EV\Looping_Sol_Bat_evLoad0p0_pctEVLoad20p999\Looping_Sol_Bat_evLoad0p0_pctEVLoad20p999_20220317-165642.xlsx,1,1.00E-13,9.99E-11,1.00E-10,100%,0.018475738,3.13484902,0,0,0.120154076,34.70658594,0.272143623,0,2.22E-11,8.21E-14,0,2.22E-08,2.02E-09,0,29.44240392,0.483380902,4.99543787,0,1.92E-09,0,2.00E-13,1,2.00E-13
optimal,7061.523021,0.803907448,0,1,0.898522835,0.0001,1.44E-08,0.0999,0.790394261,-0.173575774,Mike_EV\Looping_Sol_Bat_evLoad0p1_pctEVLoad20p999\Looping_Sol_Bat_evLoad0p1_pctEVLoad20p999_20220317-172820.xlsx,1,0.0001,0.0999,1.00E-01,100%,0.0210037,3.299457519,0,0,0.120154076,36.97664975,0.272143623,0,0.022235,0.0001,0.000705267,22.212765,0.201958998,2.36702873,10.04967487,0.377355113,3.215040413,0.565394494,0.102058998,0,0.0002,1.0002,0.00019996
optimal,6432.818684,0.732333639,0,1,0.786262303,0.0002,1.44E-08,0.1998,0.741540188,-0.202088393,Mike_EV\Looping_Sol_Bat_evLoad0p2_pctEVLoad20p999\Looping_Sol_Bat_evLoad0p2_pctEVLoad20p999_20220317-175901.xlsx,1,0.0002,0.1998,2.00E-01,100%,0.018387725,3.471077596,0,0,0.120154076,39.35279231,0.272143623,0,0.04447,0.0002,0.001581318,44.42553,0.680520017,6.566705874,0,0,0,1.344281262,0.480720017,0,0.0004,1.0004,0.00039984
optimal,6196.265415,0.705403622,0,1,0.786096555,0.0003,1.44E-08,0.2997,0.741930909,-0.303049626,Mike_EV\Looping_Sol_Bat_evLoad0p3_pctEVLoad20p999\Looping_Sol_Bat_evLoad0p3_pctEVLoad20p999_20220317-185437.xlsx,1,0.0003,0.2997,3.00E-01,100%,0.011260067,3.73451223,0,0,0.120154076,42.53475118,0.272143623,0,0.066705,0.0003,0.00236817,66.638295,0.786084843,8.590902182,0,0,0,1.344281262,0.486384843,0,0.0006,1.0006,0.00059964
optimal,6168.237817,0.702212866,0,1,0.650691219,0.0004,0.423381275,0.3996,0.633754075,-0.201895833,Mike_EV\Looping_Sol_Bat_evLoad0p4_pctEVLoad20p999\Looping_Sol_Bat_evLoad0p4_pctEVLoad20p999_20220317-192935.xlsx,1,0.0004,0.3996,4.00E-01,100%,0.005862798,4.055349406,0,0,0.120154076,46.17846048,0.272143623,0,0.08894,0.0004,0.00284461,88.85106,0.889906656,10.85950233,0,0,0,1.344281262,0.490306656,0,0.0008,1.0008,0.000799361
optimal,6285.343663,0.715544588,0,1,0.638088557,0.0005,0.44169144,0.4995,0.620156103,-0.232532788,Mike_EV\Looping_Sol_Bat_evLoad0p5_pctEVLoad20p999\Looping_Sol_Bat_evLoad0p5_pctEVLoad20p999_20220317-200419.xlsx,1,0.0005,0.4995,5.00E-01,100%,0.002974565,4.305066143,0,0,0.120154076,49.20740653,0.272143623,0,0.111175,0.0005,0.00302257,111.063825,0.99159353,13.16263328,0,0,0,1.344281262,0.49209353,0,0.001,1.001,0.000999001
optimal,6421.483545,0.731043209,0,1,0.637960644,0.0006,0.442100368,0.5994,0.62053291,-0.279130122,Mike_EV\Looping_Sol_Bat_evLoad0p6_pctEVLoad20p999\Looping_Sol_Bat_evLoad0p6_pctEVLoad20p999_20220317-203429.xlsx,1,0.0006,0.5994,6.00E-01,100%,0.001722491,4.434174194,0,0,0.120154076,51.21785406,0.272143623,0,0.13341,0.0006,0.003625452,133.27659,1.09207264,15.67163375,0,0,0,1.344281262,0.49267264,0,0.0012,1.0012,0.001198562
optimal,6557.76187,0.74655759,0,1,0.637951636,0.0007,0.442111138,0.6993,0.620524054,-0.325635994,Mike_EV\Looping_Sol_Bat_evLoad0p7_pctEVLoad20p999\Looping_Sol_Bat_evLoad0p7_pctEVLoad20p999_20220317-210447.xlsx,1,0.0007,0.6993,7.00E-01,100%,0.000471993,4.563276208,0,0,0.120154076,53.22830159,0.272143623,0,0.155645,0.0007,0.004224446,155.489355,1.192595372,18.42952407,0,0,0,1.344281262,0.493295372,0,0.0014,1.0014,0.001398043
optimal,6811.707808,0.775467647,0,1,0.495763282,0.0008,0.476511477,0.7992,0.476511476,-0.101504816,Mike_EV\Looping_Sol_Bat_evLoad0p8_pctEVLoad20p999\Looping_Sol_Bat_evLoad0p8_pctEVLoad20p999_20220317-213641.xlsx,1,0.0008,0.7992,8.00E-01,100%,0,4.74162784,0,0,0.120154076,55.64132339,0.272143623,0,0.17788,0.0008,0.003687996,177.70212,1.292249804,20.85598412,0,0,0,1.344281262,0.493049804,0,0.0016,1.0016,0.001597444
optimal,7118.83267,0.81043177,0,1,0.495709621,0.0009,0.47659437,0.8991,0.476594369,-0.114212783,Mike_EV\Looping_Sol_Bat_evLoad0p9_pctEVLoad20p999\Looping_Sol_Bat_evLoad0p9_pctEVLoad20p999_20220317-221212.xlsx,1,0.0009,0.8991,9.00E-01,100%,0,4.932005431,0,0,0.120154076,58.1500721,0.272143623,0,0.200115,0.0009,0.004142359,199.914885,1.391456939,23.07562118,0,0,0,1.344281262,0.492356939,0,0.0018,1.0018,0.001796766
optimal,7439.127273,0.846895181,0,1,0.481317506,0.001,0.477454885,0.999,0.477454883,-0.111877208,Mike_EV\Looping_Sol_Bat_evLoad1_pctEVLoad20p999\Looping_Sol_Bat_evLoad1_pctEVLoad20p999_20220317-224515.xlsx,1,0.001,0.999,1.00E+00,100%,0,5.135306157,0,0,0.120154076,60.76639783,0.272143623,0,0.22235,0.001,0.004596397,222.12765,1.490676952,25.40771118,0,0,0,1.344281262,0.491676952,0,0.002,1.002,0.001996008