BEGIN_DATA,,,,
Year,Month,Day,Hour,wind 25% top
2017,1,1,4,0.5635932010000267
2017,1,1,8,0.4899710832500269
2017,1,1,12,0.38829477725002687
2017,1,1,16,0.26313242875002685
2017,1,1,20,0.28140984850002687
2017,1,1,24,0.4218614660000268
2017,1,2,4,0.5797186577500268
2017,1,2,8,0.48079742650002677
2017,1,2,12,0.39522123125002695
2017,1,2,16,0.3576498060000269
2017,1,2,20,0.24235452375002686
2017,1,2,24,0.28146655275002685
2017,1,3,4,0.4671026627500269
2017,1,3,8,0.5666359355000269
2017,1,3,12,0.6365305357500268
2017,1,3,16,0.6452282847500267
2017,1,3,20,0.5794457655000267
2017,1,3,24,0.5319494457500267
2017,1,4,4,0.4657010852500267
2017,1,4,8,0.39586110125002655
2017,1,4,12,0.3403459440000265
2017,1,4,16,0.3003984095000265
2017,1,4,20,0.2436766897500265
2017,1,4,24,0.28342993725002646
2017,1,5,4,0.36392398325002645
2017,1,5,8,0.36548367950002647
2017,1,5,12,0.36680948050002643
2017,1,5,16,0.3793347937500265
2017,1,5,20,0.3935745185000265
2017,1,5,24,0.38290758550002646
2017,1,6,4,0.3452894732500264
2017,1,6,8,0.29899735275002637
2017,1,6,12,0.2374595072500263
2017,1,6,16,0.19414019250002626
2017,1,6,20,0.10732837325002627
2017,1,6,24,0.15443709875002629
2017,1,7,4,0.22465356250002627
2017,1,7,8,0.33009933300002625
2017,1,7,12,0.3046820727500263
2017,1,7,16,0.2173788610000263
2017,1,7,20,0.1177776862500263
2017,1,7,24,0.2008409310000263
2017,1,8,4,0.40080574725002627
2017,1,8,8,0.41811786050002625
2017,1,8,12,0.45427531250002634
2017,1,8,16,0.49350160225002637
2017,1,8,20,0.5997082877500264
2017,1,8,24,0.5640434580000263
2017,1,9,4,0.6204847100000264
2017,1,9,8,0.5152736472500263
2017,1,9,12,0.4531113497500264
2017,1,9,16,0.44570367500002644
2017,1,9,20,0.5347235512500265
2017,1,9,24,0.6386810262500267
2017,1,10,4,0.6571657555000265
2017,1,10,8,0.6512293747500264
2017,1,10,12,0.7104914337500264
2017,1,10,16,0.7450923835000264
2017,1,10,20,0.5591276925000264
2017,1,10,24,0.4364431112500263
2017,1,11,4,0.5612438425000262
2017,1,11,8,0.6438340877500264
2017,1,11,12,0.6519453755000265
2017,1,11,16,0.5926103127500264
2017,1,11,20,0.4925583735000264
2017,1,11,24,0.5146687617500265
2017,1,12,4,0.5648219017500263
2017,1,12,8,0.5446363492500262
2017,1,12,12,0.4811745112500263
2017,1,12,16,0.3510815832500264
2017,1,12,20,0.29366333700002645
2017,1,12,24,0.26749789700002646
2017,1,13,4,0.32041214150002656
2017,1,13,8,0.28039988300002655
2017,1,13,12,0.29980987750002663
2017,1,13,16,0.3174221905000267
2017,1,13,20,0.1792411222500267
2017,1,13,24,0.17707272425002668
2017,1,14,4,0.27682373600002663
2017,1,14,8,0.23234181875002663
2017,1,14,12,0.19424493275002666
2017,1,14,16,0.17035784850002667
2017,1,14,20,0.06836726000002671
2017,1,14,24,0.08598414725002672
2017,1,15,4,0.21172193775002673
2017,1,15,8,0.26425158425002676
2017,1,15,12,0.28033837300002684
2017,1,15,16,0.3008227880000268
2017,1,15,20,0.1594588717500268
2017,1,15,24,0.19991321900002673
2017,1,16,4,0.39769669825002674
2017,1,16,8,0.4100317460000268
2017,1,16,12,0.3956400157500269
2017,1,16,16,0.3722217445000268
2017,1,16,20,0.2767284672500268
2017,1,16,24,0.33968597150002683
2017,1,17,4,0.4732357697500268
2017,1,17,8,0.5154202832500269
2017,1,17,12,0.49858546150002686
2017,1,17,16,0.41407729400002685
2017,1,17,20,0.21647932125002686
2017,1,17,24,0.3090523685000269
2017,1,18,4,0.5304754595000268
2017,1,18,8,0.6477269027500268
2017,1,18,12,0.5951979557500267
2017,1,18,16,0.4903698237500267
2017,1,18,20,0.2662426177500266
2017,1,18,24,0.45479426250002664
2017,1,19,4,0.7395066417500267
2017,1,19,8,0.6903490160000267
2017,1,19,12,0.49091349200002654
2017,1,19,16,0.3854742037500266
2017,1,19,20,0.34119246800002667
2017,1,19,24,0.38211567250002665
2017,1,20,4,0.47411346225002665
2017,1,20,8,0.43018750025002667
2017,1,20,12,0.3842077917500265
2017,1,20,16,0.3568028230000265
2017,1,20,20,0.3354593565000265
2017,1,20,24,0.4349715182500265
2017,1,21,4,0.5016822910000267
2017,1,21,8,0.4938555972500268
2017,1,21,12,0.38531226300002674
2017,1,21,16,0.22644858625002673
2017,1,21,20,0.20084014900002667
2017,1,21,24,0.2707204322500267
2017,1,22,4,0.37442202325002677
2017,1,22,8,0.47875831925002676
2017,1,22,12,0.5895024260000268
2017,1,22,16,0.5114661672500267
2017,1,22,20,0.44360995200002673
2017,1,22,24,0.4723433525000268
2017,1,23,4,0.45705714925002666
2017,1,23,8,0.36810477400002656
2017,1,23,12,0.2987669175000266
2017,1,23,16,0.24019227550002664
2017,1,23,20,0.2253086102500267
2017,1,23,24,0.3112044535000267
2017,1,24,4,0.4951628140000266
2017,1,24,8,0.45646192100002664
2017,1,24,12,0.41487472950002663
2017,1,24,16,0.4016026005000266
2017,1,24,20,0.4538342812500267
2017,1,24,24,0.5427527897500266
2017,1,25,4,0.5683580207500266
2017,1,25,8,0.5512660885000267
2017,1,25,12,0.5250395135000266
2017,1,25,16,0.5174187507500267
2017,1,25,20,0.5487198427500266
2017,1,25,24,0.5962714795000269
2017,1,26,4,0.5421682427500267
2017,1,26,8,0.5218623840000267
2017,1,26,12,0.5277607712500268
2017,1,26,16,0.43833072450002686
2017,1,26,20,0.356263449750027
2017,1,26,24,0.452405015750027
2017,1,27,4,0.5953153007500269
2017,1,27,8,0.647540429750027
2017,1,27,12,0.6596984292500271
2017,1,27,16,0.598464864500027
2017,1,27,20,0.6109356162500271
2017,1,27,24,0.714818236750027
2017,1,28,4,0.8023515117500271
2017,1,28,8,0.7988428150000271
2017,1,28,12,0.795904751250027
2017,1,28,16,0.6754116872500269
2017,1,28,20,0.5977867502500269
2017,1,28,24,0.693003865500027
2017,1,29,4,0.7970754727500271
2017,1,29,8,0.7948416395000271
2017,1,29,12,0.759070531500027
2017,1,29,16,0.6350169200000271
2017,1,29,20,0.5525454205000271
2017,1,29,24,0.606745405750027
2017,1,30,4,0.6027960067500271
2017,1,30,8,0.6504479767500271
2017,1,30,12,0.738668626250027
2017,1,30,16,0.6741960922500271
2017,1,30,20,0.5792584612500271
2017,1,30,24,0.681131261500027
2017,1,31,4,0.7367622952500271
2017,1,31,8,0.7515084107500271
2017,1,31,12,0.7070301852500271
2017,1,31,16,0.47191750100002705
2017,1,31,20,0.37985433850002703
2017,1,31,24,0.505255173000027
2017,2,1,4,0.655051592000027
2017,2,1,8,0.570278421250027
2017,2,1,12,0.5198693692500271
2017,2,1,16,0.4846196212500272
2017,2,1,20,0.4463950355000272
2017,2,1,24,0.5397062320000271
2017,2,2,4,0.5869092757500272
2017,2,2,8,0.5170817475000271
2017,2,2,12,0.45545362200002704
2017,2,2,16,0.3549327405000271
2017,2,2,20,0.2245775290000271
2017,2,2,24,0.20528208750002708
2017,2,3,4,0.30777938725002707
2017,2,3,8,0.28702577550002706
2017,2,3,12,0.2766631390000271
2017,2,3,16,0.26533354175002705
2017,2,3,20,0.20002029750002706
2017,2,3,24,0.29919863550002707
2017,2,4,4,0.5430918537500272
2017,2,4,8,0.6141941557500272
2017,2,4,12,0.6169632970000273
2017,2,4,16,0.5778675442500272
2017,2,4,20,0.5563768987500272
2017,2,4,24,0.5601863695000272
2017,2,5,4,0.6234815017500273
2017,2,5,8,0.5325093810000272
2017,2,5,12,0.4130162627500273
2017,2,5,16,0.27869176675002727
2017,2,5,20,0.1559447897500273
2017,2,5,24,0.24727897050002723
2017,2,6,4,0.48714620425002725
2017,2,6,8,0.5744303045000274
2017,2,6,12,0.5007900220000274
2017,2,6,16,0.3862761312500275
2017,2,6,20,0.4201917320000276
2017,2,6,24,0.5278385522500275
2017,2,7,4,0.5850778670000275
2017,2,7,8,0.5723427900000275
2017,2,7,12,0.5743043440000276
2017,2,7,16,0.47597839500002775
2017,2,7,20,0.40623698025002786
2017,2,7,24,0.4408790447500278
2017,2,8,4,0.49372239175002774
2017,2,8,8,0.45033563925002773
2017,2,8,12,0.4639772077500277
2017,2,8,16,0.4717897957500277
2017,2,8,20,0.4863616607500278
2017,2,8,24,0.4257763685000277
2017,2,9,4,0.41672500425002773
2017,2,9,8,0.35438973325002765
2017,2,9,12,0.32033059500002764
2017,2,9,16,0.32887929125002763
2017,2,9,20,0.3892105642500277
2017,2,9,24,0.5929957907500277
2017,2,10,4,0.8777884697500279
2017,2,10,8,0.924876509500028
2017,2,10,12,0.9354556765000281
2017,2,10,16,0.801106377000028
2017,2,10,20,0.6193974772500279
2017,2,10,24,0.6259030300000279
2017,2,11,4,0.7239986935000279
2017,2,11,8,0.666203890000028
2017,2,11,12,0.619178518250028
2017,2,11,16,0.4286762325000279
2017,2,11,20,0.33217290175002795
2017,2,11,24,0.5304581835000279
2017,2,12,4,0.815131075500028
2017,2,12,8,0.8394562537500279
2017,2,12,12,0.8434888232500278
2017,2,12,16,0.7246744272500278
2017,2,12,20,0.6352447447500279
2017,2,12,24,0.533897662250028
2017,2,13,4,0.5307767350000279
2017,2,13,8,0.6109797232500278
2017,2,13,12,0.5726183282500279
2017,2,13,16,0.394134412250028
2017,2,13,20,0.345446252250028
2017,2,13,24,0.447382525750028
2017,2,14,4,0.5917701640000281
2017,2,14,8,0.618786199500028
2017,2,14,12,0.6077313882500281
2017,2,14,16,0.4778838990000282
2017,2,14,20,0.5798560415000282
2017,2,14,24,0.6648230262500283
2017,2,15,4,0.6524016222500283
2017,2,15,8,0.6257012345000281
2017,2,15,12,0.6297187207500282
2017,2,15,16,0.4272170370000282
2017,2,15,20,0.23593412400002822
2017,2,15,24,0.33220989500002823
2017,2,16,4,0.6161108942500282
2017,2,16,8,0.7912469267500282
2017,2,16,12,0.7907913857500282
2017,2,16,16,0.5537389057500282
2017,2,16,20,0.31035256300002817
2017,2,16,24,0.42622064050002806
2017,2,17,4,0.7595052355000281
2017,2,17,8,0.8611535345000281
2017,2,17,12,0.8242163632500281
2017,2,17,16,0.5917926382500281
2017,2,17,20,0.5308663297500281
2017,2,17,24,0.5906865792500281
2017,2,18,4,0.6587158527500281
2017,2,18,8,0.5963045467500281
2017,2,18,12,0.48102675800002814
2017,2,18,16,0.2685923290000282
2017,2,18,20,0.1612651917500282
2017,2,18,24,0.2750995042500282
2017,2,19,4,0.6397106027500281
2017,2,19,8,0.675864585500028
2017,2,19,12,0.577525429250028
2017,2,19,16,0.392420879000028
2017,2,19,20,0.4115274432500279
2017,2,19,24,0.6109417052500281
2017,2,20,4,0.7927194800000281
2017,2,20,8,0.806406958750028
2017,2,20,12,0.746632676750028
2017,2,20,16,0.6172369702500281
2017,2,20,20,0.6049833205000282
2017,2,20,24,0.6070582280000282
2017,2,21,4,0.6185315577500281
2017,2,21,8,0.6277077767500281
2017,2,21,12,0.6765587070000281
2017,2,21,16,0.454220925500028
2017,2,21,20,0.316234171500028
2017,2,21,24,0.34417022500002803
2017,2,22,4,0.44821767600002804
2017,2,22,8,0.601141702250028
2017,2,22,12,0.6773985050000281
2017,2,22,16,0.510180953000028
2017,2,22,20,0.4091473500000281
2017,2,22,24,0.38836973850002815
2017,2,23,4,0.5673708785000282
2017,2,23,8,0.5590347922500283
2017,2,23,12,0.45593207250002826
2017,2,23,16,0.43499247275002817
2017,2,23,20,0.5094355237500281
2017,2,23,24,0.6350213905000283
2017,2,24,4,0.7211448810000282
2017,2,24,8,0.7027033800000281
2017,2,24,12,0.6730612377500279
2017,2,24,16,0.621104418750028
2017,2,24,20,0.5456094117500279
2017,2,24,24,0.5558818230000279
2017,2,25,4,0.5096205342500278
2017,2,25,8,0.3844899572500278
2017,2,25,12,0.31166708525002773
2017,2,25,16,0.26560471725002766
2017,2,25,20,0.31412924450002766
2017,2,25,24,0.3954920360000277
2017,2,26,4,0.5240987685000278
2017,2,26,8,0.6019513217500279
2017,2,26,12,0.4926696300000279
2017,2,26,16,0.322294047500028
2017,2,26,20,0.323118232500028
2017,2,26,24,0.24478732600002806
2017,2,27,4,0.25643049450002803
2017,2,27,8,0.34665926600002817
2017,2,27,12,0.3491096387500282
2017,2,27,16,0.27757734200002826
2017,2,27,20,0.4137399340000282
2017,2,27,24,0.5078915455000281
2017,2,28,4,0.6580701352500283
2017,2,28,8,0.6244138402500282
2017,2,28,12,0.5665598327500282
2017,2,28,16,0.43206225200002824
2017,2,28,20,0.3906757597500282
2017,2,28,24,0.5173862770000281
2017,3,1,4,0.6075037990000283
2017,3,1,8,0.6012032940000284
2017,3,1,12,0.6339446127500282
2017,3,1,16,0.5894817377500283
2017,3,1,20,0.6684569650000284
2017,3,1,24,0.6015707207500285
2017,3,2,4,0.4533064347500285
2017,3,2,8,0.3778187767500285
2017,3,2,12,0.37291538500002847
2017,3,2,16,0.2649191365000285
2017,3,2,20,0.24493400750002847
2017,3,2,24,0.2805500450000285
2017,3,3,4,0.37776774425002846
2017,3,3,8,0.4596183270000286
2017,3,3,12,0.4680324540000286
2017,3,3,16,0.4275397995000285
2017,3,3,20,0.5770223100000286
2017,3,3,24,0.5432360830000286
2017,3,4,4,0.6119103582500285
2017,3,4,8,0.7117357727500284
2017,3,4,12,0.7221450667500284
2017,3,4,16,0.5947921987500286
2017,3,4,20,0.6576587892500284
2017,3,4,24,0.7138420637500285
2017,3,5,4,0.7988347972500286
2017,3,5,8,0.8012129432500286
2017,3,5,12,0.7024065537500286
2017,3,5,16,0.5306734827500285
2017,3,5,20,0.5392553940000285
2017,3,5,24,0.6955312735000284
2017,3,6,4,0.9318477932500286
2017,3,6,8,0.9419853055000287
2017,3,6,12,0.9038605335000287
2017,3,6,16,0.9024955940000285
2017,3,6,20,0.9619577022500285
2017,3,6,24,0.9859610777500284
2017,3,7,4,0.9784619755000283
2017,3,7,8,0.9590424005000284
2017,3,7,12,0.8726743267500283
2017,3,7,16,0.7284899750000284
2017,3,7,20,0.7657195042500285
2017,3,7,24,0.7198168027500286
2017,3,8,4,0.7972996475000285
2017,3,8,8,0.7830317177500284
2017,3,8,12,0.6852328305000284
2017,3,8,16,0.5105833200000283
2017,3,8,20,0.4721183190000282
2017,3,8,24,0.3878332500000282
2017,3,9,4,0.5178363980000282
2017,3,9,8,0.5436841685000281
2017,3,9,12,0.45655308550002804
2017,3,9,16,0.31324958025002797
2017,3,9,20,0.277096313750028
2017,3,9,24,0.40295291800002797
2017,3,10,4,0.6073919065000282
2017,3,10,8,0.540332646750028
2017,3,10,12,0.482194292500028
2017,3,10,16,0.392973702000028
2017,3,10,20,0.260766272500028
2017,3,10,24,0.20870765900002797
2017,3,11,4,0.346101243250028
2017,3,11,8,0.25638450150002795
2017,3,11,12,0.17892446650002794
2017,3,11,16,0.10946381200002794
2017,3,11,20,0.08813499100002792
2017,3,11,24,0.16090665800002793
2017,3,12,4,0.3120722290000279
2017,3,12,8,0.34484845475002784
2017,3,12,12,0.35333338175002793
2017,3,12,16,0.4230851780000279
2017,3,12,20,0.5506039297500279
2017,3,12,24,0.5585382542500279
2017,3,13,4,0.5397609437500279
2017,3,13,8,0.46305806600002797
2017,3,13,12,0.449504030250028
2017,3,13,16,0.452206854000028
2017,3,13,20,0.35314652225002807
2017,3,13,24,0.28231924650002804
2017,3,14,4,0.3495974777500279
2017,3,14,8,0.337279898750028
2017,3,14,12,0.30028416200002794
2017,3,14,16,0.21684239050002796
2017,3,14,20,0.13584813800002798
2017,3,14,24,0.13637937625002797
2017,3,15,4,0.41201290750002795
2017,3,15,8,0.3865458307500279
2017,3,15,12,0.3683323730000279
2017,3,15,16,0.3059992537500279
2017,3,15,20,0.2296564815000279
2017,3,15,24,0.23158742525002785
2017,3,16,4,0.6429091042500278
2017,3,16,8,0.6644836882500278
2017,3,16,12,0.593120177000028
2017,3,16,16,0.48973783725002795
2017,3,16,20,0.5989219497500279
2017,3,16,24,0.691912893250028
2017,3,17,4,0.8260621017500281
2017,3,17,8,0.8106687375000281
2017,3,17,12,0.7276828055000282
2017,3,17,16,0.48614422725002804
2017,3,17,20,0.4798454890000281
2017,3,17,24,0.455120216750028
2017,3,18,4,0.742188490750028
2017,3,18,8,0.6469326675000281
2017,3,18,12,0.47574471275002816
2017,3,18,16,0.2916216040000282
2017,3,18,20,0.25569910175002813
2017,3,18,24,0.3418367832500282
2017,3,19,4,0.8243035182500282
2017,3,19,8,0.9050975110000286
2017,3,19,12,0.8272253230000285
2017,3,19,16,0.6338778380000286
2017,3,19,20,0.6282141760000286
2017,3,19,24,0.5404430665000287
2017,3,20,4,0.7200275905000288
2017,3,20,8,0.6938591737500289
2017,3,20,12,0.6062085390000289
2017,3,20,16,0.3528109812500289
2017,3,20,20,0.26002548500002887
2017,3,20,24,0.3074014230000288
2017,3,21,4,0.6822057485000288
2017,3,21,8,0.5966292157500287
2017,3,21,12,0.46145767325002873
2017,3,21,16,0.38279393325002875
2017,3,21,20,0.3436895080000288
2017,3,21,24,0.3939961817500288
2017,3,22,4,0.6149433780000289
2017,3,22,8,0.547510029750029
2017,3,22,12,0.4836388817500288
2017,3,22,16,0.4737027885000287
2017,3,22,20,0.46838740100002874
2017,3,22,24,0.5525321840000288
2017,3,23,4,0.7270982982500288
2017,3,23,8,0.6940120785000288
2017,3,23,12,0.6377559385000289
2017,3,23,16,0.6166547835000289
2017,3,23,20,0.6723192760000288
2017,3,23,24,0.6468214750000287
2017,3,24,4,0.7185084177500285
2017,3,24,8,0.6786077547500287
2017,3,24,12,0.6086244682500288
2017,3,24,16,0.5390051262500288
2017,3,24,20,0.5625080822500288
2017,3,24,24,0.5401026987500288
2017,3,25,4,0.668465987750029
2017,3,25,8,0.627106018000029
2017,3,25,12,0.589199510500029
2017,3,25,16,0.46053883050002886
2017,3,25,20,0.29284213450002883
2017,3,25,24,0.1959782807500289
2017,3,26,4,0.4030373257500288
2017,3,26,8,0.3756419882500287
2017,3,26,12,0.29233832500002876
2017,3,26,16,0.21929320850002876
2017,3,26,20,0.21887249575002882
2017,3,26,24,0.20694978625002883
2017,3,27,4,0.2632682795000289
2017,3,27,8,0.2602317575000289
2017,3,27,12,0.22674226900002895
2017,3,27,16,0.12442785000002896
2017,3,27,20,0.04855470750002898
2017,3,27,24,0.07393537925002897
2017,3,28,4,0.414141295000029
2017,3,28,8,0.4023024527500289
2017,3,28,12,0.2852178767500289
2017,3,28,16,0.23359938525002893
2017,3,28,20,0.28888190950002895
2017,3,28,24,0.3163037265000289
2017,3,29,4,0.41400618100002895
2017,3,29,8,0.44420554300002896
2017,3,29,12,0.45646578975002894
2017,3,29,16,0.4268145505000289
2017,3,29,20,0.559057066750029
2017,3,29,24,0.6014142077500291
2017,3,30,4,0.599289242250029
2017,3,30,8,0.603351949250029
2017,3,30,12,0.600495502750029
2017,3,30,16,0.41046263175002917
2017,3,30,20,0.3235628025000293
2017,3,30,24,0.24483471450002925
2017,3,31,4,0.43343006250002925
2017,3,31,8,0.4082553562500292
2017,3,31,12,0.2718994155000292
2017,3,31,16,0.18464940700002921
2017,3,31,20,0.24043125325002923
2017,3,31,24,0.2989578100000292
2017,4,1,4,0.37376157200002913
2017,4,1,8,0.3017782915000291
2017,4,1,12,0.2575383360000291
2017,4,1,16,0.20941107350002913
2017,4,1,20,0.1689686227500291
2017,4,1,24,0.16628832125002915
2017,4,2,4,0.4308022757500291
2017,4,2,8,0.5111628625000292
2017,4,2,12,0.429276817000029
2017,4,2,16,0.274900687750029
2017,4,2,20,0.283824942500029
2017,4,2,24,0.2116805870000289
2017,4,3,4,0.2835310947500289
2017,4,3,8,0.2775129902500289
2017,4,3,12,0.32352396100002895
2017,4,3,16,0.2562427595000289
2017,4,3,20,0.2813560537500288
2017,4,3,24,0.2815487297500289
2017,4,4,4,0.4152062420000289
2017,4,4,8,0.4822325432500289
2017,4,4,12,0.43074330825002893
2017,4,4,16,0.3161837432500289
2017,4,4,20,0.3241743240000289
2017,4,4,24,0.4129546160000289
2017,4,5,4,0.562915382250029
2017,4,5,8,0.6224627632500289
2017,4,5,12,0.660979438750029
2017,4,5,16,0.496833024500029
2017,4,5,20,0.4669329960000289
2017,4,5,24,0.429175874500029
2017,4,6,4,0.49835740475002893
2017,4,6,8,0.4248508070000289
2017,4,6,12,0.392217305500029
2017,4,6,16,0.24995765475002907
2017,4,6,20,0.25505187675002905
2017,4,6,24,0.24964037225002894
2017,4,7,4,0.613601162750029
2017,4,7,8,0.675973056750029
2017,4,7,12,0.5926256615000289
2017,4,7,16,0.44530794375002897
2017,4,7,20,0.572296165000029
2017,4,7,24,0.624925785500029
2017,4,8,4,0.8868958960000288
2017,4,8,8,0.9423319012500286
2017,4,8,12,0.8799435837500289
2017,4,8,16,0.5529290060000288
2017,4,8,20,0.5005897652500289
2017,4,8,24,0.5355751017500288
2017,4,9,4,0.7048083867500287
2017,4,9,8,0.6624761705000288
2017,4,9,12,0.6348396517500288
2017,4,9,16,0.5179289900000288
2017,4,9,20,0.6064115685000285
2017,4,9,24,0.7388258567500287
2017,4,10,4,0.7928595290000285
2017,4,10,8,0.7345466850000287
2017,4,10,12,0.5749008837500287
2017,4,10,16,0.5101405060000287
2017,4,10,20,0.39469058575002874
2017,4,10,24,0.29998199200002884
2017,4,11,4,0.4336931875000287
2017,4,11,8,0.46946319375002876
2017,4,11,12,0.3964932145000287
2017,4,11,16,0.21413594075002867
2017,4,11,20,0.21897637750002863
2017,4,11,24,0.24900051050002864
2017,4,12,4,0.47980113525002865
2017,4,12,8,0.5558048840000287
2017,4,12,12,0.4770571260000286
2017,4,12,16,0.26164836400002867
2017,4,12,20,0.2801506862500287
2017,4,12,24,0.2550354140000288
2017,4,13,4,0.5192119595000289
2017,4,13,8,0.5425148747500287
2017,4,13,12,0.38229568700002864
2017,4,13,16,0.2546688982500286
2017,4,13,20,0.3928764070000286
2017,4,13,24,0.4797008422500286
2017,4,14,4,0.7450693455000286
2017,4,14,8,0.7660098310000286
2017,4,14,12,0.7367068780000285
2017,4,14,16,0.6821483880000286
2017,4,14,20,0.7456914747500285
2017,4,14,24,0.7325099885000286
2017,4,15,4,0.8036907032500286
2017,4,15,8,0.7259462007500286
2017,4,15,12,0.6550038932500285
2017,4,15,16,0.5261936622500284
2017,4,15,20,0.5238911135000285
2017,4,15,24,0.6037006540000284
2017,4,16,4,0.7461440940000285
2017,4,16,8,0.7176240850000283
2017,4,16,12,0.5889424495000285
2017,4,16,16,0.3391913305000286
2017,4,16,20,0.3771560530000286
2017,4,16,24,0.3583287485000286
2017,4,17,4,0.47205770975002853
2017,4,17,8,0.40523300950002866
2017,4,17,12,0.25678341775002866
2017,4,17,16,0.13740556500002865
2017,4,17,20,0.25329069300002865
2017,4,17,24,0.4075765580000287
2017,4,18,4,0.6496041240000288
2017,4,18,8,0.6515509245000288
2017,4,18,12,0.5533903665000287
2017,4,18,16,0.38108790975002876
2017,4,18,20,0.33698362200002874
2017,4,18,24,0.30648599400002885
2017,4,19,4,0.5466702652500288
2017,4,19,8,0.5963102405000289
2017,4,19,12,0.5372076027500289
2017,4,19,16,0.44629283850002893
2017,4,19,20,0.504663969000029
2017,4,19,24,0.5469501790000291
2017,4,20,4,0.613092637250029
2017,4,20,8,0.5134458247500289
2017,4,20,12,0.48159694825002886
2017,4,20,16,0.4239903897500289
2017,4,20,20,0.34467344800002886
2017,4,20,24,0.27284765425002877
2017,4,21,4,0.4868044122500289
2017,4,21,8,0.4559489517500288
2017,4,21,12,0.3745466102500287
2017,4,21,16,0.32040197075002874
2017,4,21,20,0.2819190650000287
2017,4,21,24,0.30172220075002876
2017,4,22,4,0.4338455882500288
2017,4,22,8,0.4368023077500287
2017,4,22,12,0.40862415550002873
2017,4,22,16,0.2771377307500287
2017,4,22,20,0.23204094950002865
2017,4,22,24,0.2354785055000287
2017,4,23,4,0.41954554800002875
2017,4,23,8,0.5407970957500289
2017,4,23,12,0.5016606277500287
2017,4,23,16,0.31520757175002867
2017,4,23,20,0.3642937047500287
2017,4,23,24,0.43826231975002883
2017,4,24,4,0.673090758750029
2017,4,24,8,0.727251413750029
2017,4,24,12,0.684670395500029
2017,4,24,16,0.5132692057500288
2017,4,24,20,0.5489591895000288
2017,4,24,24,0.5281972047500286
2017,4,25,4,0.6553185390000288
2017,4,25,8,0.6244949447500286
2017,4,25,12,0.5596133907500285
2017,4,25,16,0.46871641325002844
2017,4,25,20,0.4119883902500284
2017,4,25,24,0.4776154390000283
2017,4,26,4,0.5143789390000284
2017,4,26,8,0.5523461390000283
2017,4,26,12,0.6292794055000284
2017,4,26,16,0.6720099415000284
2017,4,26,20,0.5428773060000285
2017,4,26,24,0.4162354735000285
2017,4,27,4,0.30865162675002855
2017,4,27,8,0.2868288090000285
2017,4,27,12,0.30677058700002846
2017,4,27,16,0.2903263465000285
2017,4,27,20,0.4181770410000285
2017,4,27,24,0.4652166937500285
2017,4,28,4,0.4693461825000285
2017,4,28,8,0.45845336775002843
2017,4,28,12,0.35308750950002843
2017,4,28,16,0.2241071435000285
2017,4,28,20,0.26329072725002844
2017,4,28,24,0.27136332975002836
2017,4,29,4,0.4015983085000284
2017,4,29,8,0.44894908125002836
2017,4,29,12,0.4793030485000283
2017,4,29,16,0.4946221275000282
2017,4,29,20,0.5000717580000282
2017,4,29,24,0.5481120755000282
2017,4,30,4,0.6551007417500281
2017,4,30,8,0.6505556650000283
2017,4,30,12,0.6674058575000282
2017,4,30,16,0.6340610037500282
2017,4,30,20,0.7136752752500282
2017,4,30,24,0.7020582955000283
2017,5,1,4,0.6299093425000284
2017,5,1,8,0.5797996362500282
2017,5,1,12,0.6670520927500281
2017,5,1,16,0.541231404250028
2017,5,1,20,0.631215308500028
2017,5,1,24,0.6020782280000281
2017,5,2,4,0.5768887795000281
2017,5,2,8,0.6442901645000281
2017,5,2,12,0.5657113382500281
2017,5,2,16,0.23776735950002803
2017,5,2,20,0.21804821525002804
2017,5,2,24,0.23154331050002808
2017,5,3,4,0.3861976575000281
2017,5,3,8,0.4830745262500281
2017,5,3,12,0.4625799867500281
2017,5,3,16,0.32513727650002805
2017,5,3,20,0.37055771225002804
2017,5,3,24,0.4147118910000281
2017,5,4,4,0.37318318475002815
2017,5,4,8,0.34150170450002815
2017,5,4,12,0.47811771825002825
2017,5,4,16,0.24347194950002837
2017,5,4,20,0.24975974100002832
2017,5,4,24,0.2676533425000283
2017,5,5,4,0.3080134587500284
2017,5,5,8,0.3121251732500284
2017,5,5,12,0.3879710297500284
2017,5,5,16,0.15546088200002844
2017,5,5,20,0.10515527625002845
2017,5,5,24,0.13155349500002844
2017,5,6,4,0.45884360725002843
2017,5,6,8,0.7453577827500286
2017,5,6,12,0.6595906355000287
2017,5,6,16,0.23388917225002864
2017,5,6,20,0.24473222375002865
2017,5,6,24,0.2882289845000286
2017,5,7,4,0.7073150052500286
2017,5,7,8,0.8226579735000286
2017,5,7,12,0.6848297345000286
2017,5,7,16,0.3617966812500285
2017,5,7,20,0.5043006872500285
2017,5,7,24,0.6020962467500286
2017,5,8,4,0.8233422230000286
2017,5,8,8,0.7890692212500283
2017,5,8,12,0.6802859430000283
2017,5,8,16,0.4682864215000283
2017,5,8,20,0.4286415402500283
2017,5,8,24,0.4672431877500283
2017,5,9,4,0.6498624610000281
2017,5,9,8,0.5160299892500282
2017,5,9,12,0.3168089477500282
2017,5,9,16,0.16312404850002826
2017,5,9,20,0.1445733505000283
2017,5,9,24,0.2231585330000283
2017,5,10,4,0.43322124575002824
2017,5,10,8,0.4420583887500284
2017,5,10,12,0.3093090382500284
2017,5,10,16,0.17271836050002848
2017,5,10,20,0.20293982925002846
2017,5,10,24,0.26208910875002844
2017,5,11,4,0.4074431550000285
2017,5,11,8,0.4280123982500284
2017,5,11,12,0.35294434625002846
2017,5,11,16,0.1899259687500284
2017,5,11,20,0.21314360975002836
2017,5,11,24,0.26057164875002836
2017,5,12,4,0.4496213397500283
2017,5,12,8,0.5385334102500284
2017,5,12,12,0.4921562040000285
2017,5,12,16,0.27258741275002846
2017,5,12,20,0.22608644950002843
2017,5,12,24,0.21517717675002845
2017,5,13,4,0.5610585865000285
2017,5,13,8,0.6433243760000285
2017,5,13,12,0.5781629712500285
2017,5,13,16,0.3574933517500283
2017,5,13,20,0.4267628260000282
2017,5,13,24,0.5047946217500282
2017,5,14,4,0.7941879785000282
2017,5,14,8,0.881889355750028
2017,5,14,12,0.7617381122500281
2017,5,14,16,0.4732697565000281
2017,5,14,20,0.38561073850002836
2017,5,14,24,0.34768849150002834
2017,5,15,4,0.6438456912500282
2017,5,15,8,0.6761604485000282
2017,5,15,12,0.5435316157500282
2017,5,15,16,0.2978758222500282
2017,5,15,20,0.3673220612500282
2017,5,15,24,0.5245928487500282
2017,5,16,4,0.6964407760000282
2017,5,16,8,0.6681366972500282
2017,5,16,12,0.5761099522500281
2017,5,16,16,0.45267032100002824
2017,5,16,20,0.4776005617500282
2017,5,16,24,0.5224382650000283
2017,5,17,4,0.6276430595000285
2017,5,17,8,0.6413480300000286
2017,5,17,12,0.6124927972500288
2017,5,17,16,0.6346192822500285
2017,5,17,20,0.7103628120000287
2017,5,17,24,0.7636763405000287
2017,5,18,4,0.8219158447500287
2017,5,18,8,0.7325748127500287
2017,5,18,12,0.6092201970000286
2017,5,18,16,0.5502337692500285
2017,5,18,20,0.5159595425000285
2017,5,18,24,0.5261914450000285
2017,5,19,4,0.6058726700000285
2017,5,19,8,0.5244288377500286
2017,5,19,12,0.3659657922500285
2017,5,19,16,0.30674372025002855
2017,5,19,20,0.3308086487500286
2017,5,19,24,0.4336818117500286
2017,5,20,4,0.4831591442500284
2017,5,20,8,0.4770011132500285
2017,5,20,12,0.3914481040000286
2017,5,20,16,0.3755405977500287
2017,5,20,20,0.4196244585000286
2017,5,20,24,0.4038576365000286
2017,5,21,4,0.3696774095000286
2017,5,21,8,0.36583626725002855
2017,5,21,12,0.4121467027500286
2017,5,21,16,0.33502714800002864
2017,5,21,20,0.39487674375002857
2017,5,21,24,0.3985609695000286
2017,5,22,4,0.40106006275002853
2017,5,22,8,0.4539348397500286
2017,5,22,12,0.4378556155000285
2017,5,22,16,0.24644841050002855
2017,5,22,20,0.3103472547500285
2017,5,22,24,0.36248908600002844
2017,5,23,4,0.3762487955000285
2017,5,23,8,0.41715672000002835
2017,5,23,12,0.4361385365000284
2017,5,23,16,0.45698967175002836
2017,5,23,20,0.5024598287500284
2017,5,23,24,0.4921269082500284
2017,5,24,4,0.47859735100002837
2017,5,24,8,0.4322990322500283
2017,5,24,12,0.41069636225002826
2017,5,24,16,0.28207735450002824
2017,5,24,20,0.33268368175002827
2017,5,24,24,0.3728411012500283
2017,5,25,4,0.6436639595000284
2017,5,25,8,0.7566150622500283
2017,5,25,12,0.6739427980000282
2017,5,25,16,0.5440339702500284
2017,5,25,20,0.5878507032500283
2017,5,25,24,0.5842289252500283
2017,5,26,4,0.6897210395000284
2017,5,26,8,0.6707893845000283
2017,5,26,12,0.5455805805000281
2017,5,26,16,0.32084787550002813
2017,5,26,20,0.22267928675002818
2017,5,26,24,0.19810241325002823
2017,5,27,4,0.3777982280000282
2017,5,27,8,0.47269429375002836
2017,5,27,12,0.4742919640000282
2017,5,27,16,0.24793552250002826
2017,5,27,20,0.25035848800002825
2017,5,27,24,0.3321455515000283
2017,5,28,4,0.5308694765000281
2017,5,28,8,0.6437583807500281
2017,5,28,12,0.6186245422500283
2017,5,28,16,0.3814054697500282
2017,5,28,20,0.48815930500002813
2017,5,28,24,0.5021501615000281
2017,5,29,4,0.5222021247500279
2017,5,29,8,0.508145227500028
2017,5,29,12,0.48077929275002795
2017,5,29,16,0.3385146057500279
2017,5,29,20,0.4340878375000279
2017,5,29,24,0.4360565187500279
2017,5,30,4,0.4597769450000279
2017,5,30,8,0.34340896875002785
2017,5,30,12,0.3124070732500279
2017,5,30,16,0.17816461200002792
2017,5,30,20,0.2593022697500279
2017,5,30,24,0.2343171255000279
2017,5,31,4,0.35424589575002796
2017,5,31,8,0.45843963575002794
2017,5,31,12,0.38243028525002787
2017,5,31,16,0.1491292427500278
2017,5,31,20,0.1834357255000278
2017,5,31,24,0.18338176600002784
2017,6,1,4,0.4055815897500278
2017,6,1,8,0.4766534907500278
2017,6,1,12,0.3820118672500276
2017,6,1,16,0.13852809800002763
2017,6,1,20,0.15670340900002766
2017,6,1,24,0.19417725300002764
2017,6,2,4,0.5367184005000276
2017,6,2,8,0.6130104450000274
2017,6,2,12,0.48906438200002755
2017,6,2,16,0.2342894560000276
2017,6,2,20,0.3489371650000277
2017,6,2,24,0.3944495580000276
2017,6,3,4,0.5171121032500274
2017,6,3,8,0.45896820550002737
2017,6,3,12,0.32877403550002743
2017,6,3,16,0.10872577275002744
2017,6,3,20,0.14540059125002744
2017,6,3,24,0.1486661355000274
2017,6,4,4,0.23516670725002736
2017,6,4,8,0.2875061087500274
2017,6,4,12,0.30694978000002754
2017,6,4,16,0.1067100205000275
2017,6,4,20,0.1232458215000275
2017,6,4,24,0.1277446020000275
2017,6,5,4,0.33410347725002754
2017,6,5,8,0.3967170750000275
2017,6,5,12,0.3663624737500275
2017,6,5,16,0.1701961810000276
2017,6,5,20,0.17379565025002763
2017,6,5,24,0.19571354700002763
2017,6,6,4,0.4968127827500276
2017,6,6,8,0.5007843780000276
2017,6,6,12,0.3323498982500276
2017,6,6,16,0.17178699525002755
2017,6,6,20,0.12469187300002754
2017,6,6,24,0.12848644600002754
2017,6,7,4,0.2749551285000275
2017,6,7,8,0.2845149127500275
2017,6,7,12,0.17684000575002745
2017,6,7,16,0.05139823000002747
2017,6,7,20,0.05395927675002745
2017,6,7,24,0.07177551600002745
2017,6,8,4,0.3635301977500274
2017,6,8,8,0.45124378100002727
2017,6,8,12,0.2928393360000274
2017,6,8,16,0.1193549227500274
2017,6,8,20,0.12143093500002741
2017,6,8,24,0.13978487925002747
2017,6,9,4,0.4893886452500274
2017,6,9,8,0.6063013017500274
2017,6,9,12,0.49126359725002755
2017,6,9,16,0.3000203382500275
2017,6,9,20,0.3800154107500275
2017,6,9,24,0.4635589727500274
2017,6,10,4,0.7802632010000274
2017,6,10,8,0.7915148747500275
2017,6,10,12,0.7389880977500276
2017,6,10,16,0.7425206350000277
2017,6,10,20,0.6591218545000279
2017,6,10,24,0.618615046750028
2017,6,11,4,0.7091410915000278
2017,6,11,8,0.7413000032500278
2017,6,11,12,0.7231317662500278
2017,6,11,16,0.6027085440000277
2017,6,11,20,0.5424096820000278
2017,6,11,24,0.5529090535000278
2017,6,12,4,0.6464316395000279
2017,6,12,8,0.6290017097500281
2017,6,12,12,0.521701626000028
2017,6,12,16,0.33697564625002807
2017,6,12,20,0.3832933065000281
2017,6,12,24,0.591398713250028
2017,6,13,4,0.8074959572500281
2017,6,13,8,0.8025172055000281
2017,6,13,12,0.6534479560000279
2017,6,13,16,0.5099408380000281
2017,6,13,20,0.5838540267500282
2017,6,13,24,0.6756886162500283
2017,6,14,4,0.7549910907500282
2017,6,14,8,0.7603677390000281
2017,6,14,12,0.6864125522500282
2017,6,14,16,0.503375396000028
2017,6,14,20,0.4652604302500281
2017,6,14,24,0.4645019492500281
2017,6,15,4,0.567106054500028
2017,6,15,8,0.5719590500000279
2017,6,15,12,0.44739487925002797
2017,6,15,16,0.278256653250028
2017,6,15,20,0.355087858750028
2017,6,15,24,0.44010373650002804
2017,6,16,4,0.4890405840000279
2017,6,16,8,0.4721662975000279
2017,6,16,12,0.4174226207500278
2017,6,16,16,0.21868266200002776
2017,6,16,20,0.3046011465000278
2017,6,16,24,0.38338335975002785
2017,6,17,4,0.5302756907500278
2017,6,17,8,0.5010275027500277
2017,6,17,12,0.43392551975002774
2017,6,17,16,0.2720710950000278
2017,6,17,20,0.3180837322500278
2017,6,17,24,0.4835950755000277
2017,6,18,4,0.5814505737500278
2017,6,18,8,0.5999649240000278
2017,6,18,12,0.5121985745000279
2017,6,18,16,0.37725304125002784
2017,6,18,20,0.41294621950002786
2017,6,18,24,0.37241149700002796
2017,6,19,4,0.378769888250028
2017,6,19,8,0.31366780250002807
2017,6,19,12,0.3059795610000281
2017,6,19,16,0.15707404150002807
2017,6,19,20,0.22931229875002815
2017,6,19,24,0.24322505975002812
2017,6,20,4,0.27718367875002803
2017,6,20,8,0.3503787157500281
2017,6,20,12,0.392996504500028
2017,6,20,16,0.13595122525002806
2017,6,20,20,0.12146639975002806
2017,6,20,24,0.11305104550002809
2017,6,21,4,0.4459186450000281
2017,6,21,8,0.610034161000028
2017,6,21,12,0.527171978750028
2017,6,21,16,0.35790451550002794
2017,6,21,20,0.40685497900002787
2017,6,21,24,0.4100909882500278
2017,6,22,4,0.5987976095000278
2017,6,22,8,0.5841872985000278
2017,6,22,12,0.4561556550000279
2017,6,22,16,0.3240517855000279
2017,6,22,20,0.35327411225002786
2017,6,22,24,0.40168802325002784
2017,6,23,4,0.5768751900000277
2017,6,23,8,0.5867937515000277
2017,6,23,12,0.5398880410000275
2017,6,23,16,0.5692772045000277
2017,6,23,20,0.5989770205000277
2017,6,23,24,0.5420763287500278
2017,6,24,4,0.5830436495000275
2017,6,24,8,0.46348886500002745
2017,6,24,12,0.3375703305000275
2017,6,24,16,0.2732010070000276
2017,6,24,20,0.3976271170000275
2017,6,24,24,0.4006588237500275
2017,6,25,4,0.4299000725000275
2017,6,25,8,0.3860384262500276
2017,6,25,12,0.2933804155000276
2017,6,25,16,0.18399806875002755
2017,6,25,20,0.18098256450002753
2017,6,25,24,0.19047643675002746
2017,6,26,4,0.3296478822500275
2017,6,26,8,0.3683814260000275
2017,6,26,12,0.22596118975002752
2017,6,26,16,0.07699064925002755
2017,6,26,20,0.08153977125002754
2017,6,26,24,0.08689198775002754
2017,6,27,4,0.3602768772500275
2017,6,27,8,0.5283687917500275
2017,6,27,12,0.4950888630000274
2017,6,27,16,0.3723002177500274
2017,6,27,20,0.4868160102500274
2017,6,27,24,0.5976756602500275
2017,6,28,4,0.7596853625000276
2017,6,28,8,0.7224772592500275
2017,6,28,12,0.6409837500000276
2017,6,28,16,0.5090049552500276
2017,6,28,20,0.48306102325002775
2017,6,28,24,0.44799555650002776
2017,6,29,4,0.5205280790000277
2017,6,29,8,0.5124025327500278
2017,6,29,12,0.4335509167500278
2017,6,29,16,0.33365898525002774
2017,6,29,20,0.2584574427500278
2017,6,29,24,0.23824280100002782
2017,6,30,4,0.42159048100002783
2017,6,30,8,0.43082699500002775
2017,6,30,12,0.3855880075000277
2017,6,30,16,0.2511286677500276
2017,6,30,20,0.1896840585000277
2017,6,30,24,0.21452395975002775
2017,7,1,4,0.30114616300002767
2017,7,1,8,0.3147555742500277
2017,7,1,12,0.32043996150002774
2017,7,1,16,0.1288350185000277
2017,7,1,20,0.16234893125002767
2017,7,1,24,0.1759002307500277
2017,7,2,4,0.40210508075002765
2017,7,2,8,0.5438492105000277
2017,7,2,12,0.4097555697500276
2017,7,2,16,0.1904515822500276
2017,7,2,20,0.12604118225002758
2017,7,2,24,0.1306713192500276
2017,7,3,4,0.4212818242500276
2017,7,3,8,0.45128596500002766
2017,7,3,12,0.3296872875000276
2017,7,3,16,0.15075645500002763
2017,7,3,20,0.11588862900002764
2017,7,3,24,0.13090540025002761
2017,7,4,4,0.4154193280000276
2017,7,4,8,0.4755668637500277
2017,7,4,12,0.34382284725002776
2017,7,4,16,0.13401622675002778
2017,7,4,20,0.1026276177500278
2017,7,4,24,0.08647058300002781
2017,7,5,4,0.3736254727500279
2017,7,5,8,0.44056496600002787
2017,7,5,12,0.28963748725002786
2017,7,5,16,0.07641042500002784
2017,7,5,20,0.06145086225002784
2017,7,5,24,0.08232552600002783
2017,7,6,4,0.3774474847500279
2017,7,6,8,0.5126237627500279
2017,7,6,12,0.38998476325002795
2017,7,6,16,0.13245333975002804
2017,7,6,20,0.13590737025002805
2017,7,6,24,0.18780922900002806
2017,7,7,4,0.478819101500028
2017,7,7,8,0.5391344530000279
2017,7,7,12,0.34416009750002796
2017,7,7,16,0.141022381750028
2017,7,7,20,0.144014620000028
2017,7,7,24,0.13478776450002802
2017,7,8,4,0.304762344250028
2017,7,8,8,0.342652836750028
2017,7,8,12,0.23613485600002804
2017,7,8,16,0.05442962975002805
2017,7,8,20,0.047868102250028036
2017,7,8,24,0.06335511125002803
2017,7,9,4,0.26181140175002804
2017,7,9,8,0.4780385240000281
2017,7,9,12,0.415810431750028
2017,7,9,16,0.16055708150002806
2017,7,9,20,0.1754878475000281
2017,7,9,24,0.2349250190000281
2017,7,10,4,0.5632133047500282
2017,7,10,8,0.5782408727500281
2017,7,10,12,0.42471707850002804
2017,7,10,16,0.20350240450002816
2017,7,10,20,0.15872355750002815
2017,7,10,24,0.20479183900002815
2017,7,11,4,0.5033012865000281
2017,7,11,8,0.5315995400000282
2017,7,11,12,0.4511003430000281
2017,7,11,16,0.3142162867500281
2017,7,11,20,0.30511310325002805
2017,7,11,24,0.34436129550002814
2017,7,12,4,0.564848811000028
2017,7,12,8,0.5646566347500281
2017,7,12,12,0.44479477900002823
2017,7,12,16,0.3165075132500281
2017,7,12,20,0.2673461592500281
2017,7,12,24,0.2929329837500282
2017,7,13,4,0.4337688572500281
2017,7,13,8,0.42130047300002815
2017,7,13,12,0.2910603337500281
2017,7,13,16,0.12411275025002817
2017,7,13,20,0.08758770450002816
2017,7,13,24,0.10322656075002817
2017,7,14,4,0.3296662377500282
2017,7,14,8,0.3639020907500283
2017,7,14,12,0.26304283650002824
2017,7,14,16,0.10439710925002821
2017,7,14,20,0.0839739165000282
2017,7,14,24,0.1122611935000282
2017,7,15,4,0.3582257842500282
2017,7,15,8,0.4372356597500282
2017,7,15,12,0.3212910685000281
2017,7,15,16,0.11544914550002808
2017,7,15,20,0.11408722375002806
2017,7,15,24,0.13987833425002805
2017,7,16,4,0.36299408225002805
2017,7,16,8,0.39122000625002795
2017,7,16,12,0.2810391495000279
2017,7,16,16,0.1463727845000279
2017,7,16,20,0.1427745685000279
2017,7,16,24,0.1748606310000279
2017,7,17,4,0.44406069125002795
2017,7,17,8,0.492552000250028
2017,7,17,12,0.3862227927500281
2017,7,17,16,0.20655761675002807
2017,7,17,20,0.18362597475002806
2017,7,17,24,0.20304958800002804
2017,7,18,4,0.48936288000002814
2017,7,18,8,0.46950227600002803
2017,7,18,12,0.3389444627500281
2017,7,18,16,0.1940910200000281
2017,7,18,20,0.1456105615000281
2017,7,18,24,0.12617929700002806
2017,7,19,4,0.389851393500028
2017,7,19,8,0.5006527572500282
2017,7,19,12,0.42323757200002815
2017,7,19,16,0.2538591745000281
2017,7,19,20,0.272232493750028
2017,7,19,24,0.29874792700002806
2017,7,20,4,0.5004682867500281
2017,7,20,8,0.511054729250028
2017,7,20,12,0.3668377600000281
2017,7,20,16,0.17279516175002807
2017,7,20,20,0.16721196450002807
2017,7,20,24,0.19503036550002806
2017,7,21,4,0.5152402330000281
2017,7,21,8,0.567980520000028
2017,7,21,12,0.457374177000028
2017,7,21,16,0.26772920750002793
2017,7,21,20,0.24879379250002798
2017,7,21,24,0.2626830925000279
2017,7,22,4,0.4478763302500279
2017,7,22,8,0.48763528550002794
2017,7,22,12,0.33678281875002797
2017,7,22,16,0.16273318650002794
2017,7,22,20,0.18839413175002795
2017,7,22,24,0.2204956150000279
2017,7,23,4,0.39390798375002783
2017,7,23,8,0.32206942500002794
2017,7,23,12,0.22096922150002787
2017,7,23,16,0.0868055312500279
2017,7,23,20,0.08811179650002791
2017,7,23,24,0.08667899975002791
2017,7,24,4,0.3282148320000279
2017,7,24,8,0.4432616937500278
2017,7,24,12,0.3554803295000278
2017,7,24,16,0.21251221850002777
2017,7,24,20,0.20290735525002776
2017,7,24,24,0.25308744800002775
2017,7,25,4,0.5135388690000278
2017,7,25,8,0.5096991392500276
2017,7,25,12,0.39539225450002763
2017,7,25,16,0.2735566717500277
2017,7,25,20,0.27325497275002764
2017,7,25,24,0.35572051950002764
2017,7,26,4,0.5063700092500277
2017,7,26,8,0.4585479460000277
2017,7,26,12,0.35776902025002766
2017,7,26,16,0.2370232150000277
2017,7,26,20,0.17966812175002772
2017,7,26,24,0.1727181257500277
2017,7,27,4,0.3429096040000277
2017,7,27,8,0.40577266800002765
2017,7,27,12,0.3257193685000276
2017,7,27,16,0.17597749125002754
2017,7,27,20,0.12352505375002751
2017,7,27,24,0.1317311117500275
2017,7,28,4,0.2894789820000275
2017,7,28,8,0.34950006775002745
2017,7,28,12,0.26019723500002745
2017,7,28,16,0.1095164717500274
2017,7,28,20,0.08127945925002739
2017,7,28,24,0.08665901600002737
2017,7,29,4,0.29931416950002737
2017,7,29,8,0.37872093350002733
2017,7,29,12,0.25779816000002737
2017,7,29,16,0.09295090550002733
2017,7,29,20,0.07771064850002733
2017,7,29,24,0.09158314600002733
2017,7,30,4,0.2956722577500273
2017,7,30,8,0.3315179845000273
2017,7,30,12,0.22084165375002726
2017,7,30,16,0.08285539475002725
2017,7,30,20,0.07582327925002724
2017,7,30,24,0.09226922425002727
2017,7,31,4,0.28714642175002725
2017,7,31,8,0.31566498750002725
2017,7,31,12,0.21147081975002727
2017,7,31,16,0.07079483100002731
2017,7,31,20,0.06709461650002731
2017,7,31,24,0.07744858350002731
2017,8,1,4,0.2493433892500273
2017,8,1,8,0.30002211175002735
2017,8,1,12,0.22170577650002732
2017,8,1,16,0.09354702775002732
2017,8,1,20,0.10204698500002733
2017,8,1,24,0.13853868775002734
2017,8,2,4,0.3170074735000273
2017,8,2,8,0.2825014345000273
2017,8,2,12,0.19225093325002726
2017,8,2,16,0.09906492400002725
2017,8,2,20,0.10028618675002728
2017,8,2,24,0.12275643325002729
2017,8,3,4,0.2457423727500273
2017,8,3,8,0.2660260892500274
2017,8,3,12,0.2744036467500274
2017,8,3,16,0.24148160175002742
2017,8,3,20,0.2173981812500274
2017,8,3,24,0.21745918925002738
2017,8,4,4,0.2665168297500274
2017,8,4,8,0.3026539467500274
2017,8,4,12,0.28156567025002743
2017,8,4,16,0.1400839382500274
2017,8,4,20,0.1243018532500274
2017,8,4,24,0.1403808792500274
2017,8,5,4,0.3954096782500274
2017,8,5,8,0.4801638032500274
2017,8,5,12,0.34874027550002745
2017,8,5,16,0.23667171325002745
2017,8,5,20,0.24313400625002743
2017,8,5,24,0.22439268025002745
2017,8,6,4,0.35840763075002746
2017,8,6,8,0.2872515585000274
2017,8,6,12,0.17221567175002744
2017,8,6,16,0.09050024975002745
2017,8,6,20,0.06277651175002744
2017,8,6,24,0.061766394000027425
2017,8,7,4,0.18829279175002747
2017,8,7,8,0.18935039100002748
2017,8,7,12,0.1415128440000275
2017,8,7,16,0.1006955570000275
2017,8,7,20,0.11430189975002748
2017,8,7,24,0.11279041225002748
2017,8,8,4,0.23903987875002747
2017,8,8,8,0.29471125525002745
2017,8,8,12,0.25842187450002746
2017,8,8,16,0.10417813925002747
2017,8,8,20,0.09631139650002749
2017,8,8,24,0.11173881625002749
2017,8,9,4,0.3389922397500275
2017,8,9,8,0.3916651365000276
2017,8,9,12,0.3011091950000276
2017,8,9,16,0.15807620350002763
2017,8,9,20,0.1706522767500276
2017,8,9,24,0.1671136020000276
2017,8,10,4,0.34028321850002763
2017,8,10,8,0.37258003150002766
2017,8,10,12,0.2518192300000277
2017,8,10,16,0.10470542375002767
2017,8,10,20,0.08352566075002765
2017,8,10,24,0.11166737400002763
2017,8,11,4,0.2765031757500277
2017,8,11,8,0.30569186500002776
2017,8,11,12,0.21847901100002776
2017,8,11,16,0.09407082375002776
2017,8,11,20,0.06567421000002777
2017,8,11,24,0.07002507375002777
2017,8,12,4,0.27364540425002776
2017,8,12,8,0.29779982475002775
2017,8,12,12,0.23420684425002775
2017,8,12,16,0.11751666475002771
2017,8,12,20,0.12814733525002775
2017,8,12,24,0.1314982017500278
2017,8,13,4,0.2694247800000278
2017,8,13,8,0.30455966600002776
2017,8,13,12,0.22472934075002773
2017,8,13,16,0.12420788525002772
2017,8,13,20,0.11665261400002772
2017,8,13,24,0.0985579237500277
2017,8,14,4,0.34917323975002773
2017,8,14,8,0.3541319115000277
2017,8,14,12,0.2559140422500277
2017,8,14,16,0.11835706800002768
2017,8,14,20,0.10141719350002769
2017,8,14,24,0.10382087650002769
2017,8,15,4,0.3485755242500277
2017,8,15,8,0.32775590675002775
2017,8,15,12,0.2381031265000277
2017,8,15,16,0.13242597775002776
2017,8,15,20,0.1582371785000278
2017,8,15,24,0.1680857255000278
2017,8,16,4,0.3604617642500277
2017,8,16,8,0.3619586715000277
2017,8,16,12,0.30391931500002767
2017,8,16,16,0.23176189375002765
2017,8,16,20,0.2627373010000277
2017,8,16,24,0.25173816275002775
2017,8,17,4,0.3756578960000277
2017,8,17,8,0.4310936695000277
2017,8,17,12,0.4804656365000277
2017,8,17,16,0.2898428885000277
2017,8,17,20,0.2813505630000278
2017,8,17,24,0.2600697745000278
2017,8,18,4,0.4411885737500278
2017,8,18,8,0.42575578850002777
2017,8,18,12,0.31853169800002773
2017,8,18,16,0.13362294800002777
2017,8,18,20,0.10828285900002776
2017,8,18,24,0.10221749350002776
2017,8,19,4,0.2521874457500277
2017,8,19,8,0.4576588862500276
2017,8,19,12,0.4623041755000276
2017,8,19,16,0.20547006400002762
2017,8,19,20,0.20928724675002763
2017,8,19,24,0.25915014025002764
2017,8,20,4,0.6119438845000278
2017,8,20,8,0.6219700072500277
2017,8,20,12,0.45142132525002776
2017,8,20,16,0.18912244125002767
2017,8,20,20,0.16714989125002763
2017,8,20,24,0.21438260450002763
2017,8,21,4,0.4875638522500277
2017,8,21,8,0.4110300422500277
2017,8,21,12,0.29347040850002776
2017,8,21,16,0.20465833500002772
2017,8,21,20,0.29114630050002765
2017,8,21,24,0.3599121620000276
2017,8,22,4,0.5274713812500277
2017,8,22,8,0.5111122297500277
2017,8,22,12,0.3934305132500277
2017,8,22,16,0.24131097350002775
2017,8,22,20,0.23857462350002775
2017,8,22,24,0.21222657650002769
2017,8,23,4,0.3669509135000277
2017,8,23,8,0.36487342975002773
2017,8,23,12,0.2995029502500277
2017,8,23,16,0.13947440125002772
2017,8,23,20,0.09266566150002775
2017,8,23,24,0.08932285850002775
2017,8,24,4,0.42107920200002774
2017,8,24,8,0.4482386717500278
2017,8,24,12,0.32582125575002774
2017,8,24,16,0.17522371725002767
2017,8,24,20,0.2150006305000277
2017,8,24,24,0.2333297515000277
2017,8,25,4,0.5027059880000276
2017,8,25,8,0.41791415000002763
2017,8,25,12,0.3153084700000277
2017,8,25,16,0.2137706792500278
2017,8,25,20,0.2376668830000278
2017,8,25,24,0.2569450027500277
2017,8,26,4,0.42618502575002776
2017,8,26,8,0.3297181655000277
2017,8,26,12,0.25603322675002776
2017,8,26,16,0.14684888975002774
2017,8,26,20,0.14503434450002775
2017,8,26,24,0.16088699400002776
2017,8,27,4,0.38212259600002774
2017,8,27,8,0.3275451382500278
2017,8,27,12,0.2689588895000278
2017,8,27,16,0.14011816150002782
2017,8,27,20,0.12895644900002778
2017,8,27,24,0.1645813040000278
2017,8,28,4,0.31751600075002784
2017,8,28,8,0.3477471117500278
2017,8,28,12,0.32773986525002785
2017,8,28,16,0.15981775125002792
2017,8,28,20,0.1534971062500279
2017,8,28,24,0.15636210075002793
2017,8,29,4,0.41036216175002793
2017,8,29,8,0.35914690975002783
2017,8,29,12,0.2518409340000278
2017,8,29,16,0.09859115300002785
2017,8,29,20,0.08659095600002786
2017,8,29,24,0.08946581625002785
2017,8,30,4,0.43998897275002785
2017,8,30,8,0.39127032575002796
2017,8,30,12,0.272296317000028
2017,8,30,16,0.11986162775002797
2017,8,30,20,0.15078275625002802
2017,8,30,24,0.162749023000028
2017,8,31,4,0.47924722350002796
2017,8,31,8,0.4621769115000277
2017,8,31,12,0.35515416600002775
2017,8,31,16,0.23714012875002777
2017,8,31,20,0.2621453965000277
2017,8,31,24,0.28449471500002765
2017,9,1,4,0.5670709062500277
2017,9,1,8,0.5360197467500275
2017,9,1,12,0.4473968502500276
2017,9,1,16,0.3327397692500275
2017,9,1,20,0.27766992725002754
2017,9,1,24,0.2257012552500276
2017,9,2,4,0.4264726017500276
2017,9,2,8,0.37565862975002773
2017,9,2,12,0.34660595050002774
2017,9,2,16,0.14869219925002775
2017,9,2,20,0.11457385275002775
2017,9,2,24,0.13635667975002774
2017,9,3,4,0.30866947200002776
2017,9,3,8,0.47578337975002777
2017,9,3,12,0.5228299010000279
2017,9,3,16,0.25898376500002784
2017,9,3,20,0.28259901050002784
2017,9,3,24,0.3601526942500278
2017,9,4,4,0.6800949100000279
2017,9,4,8,0.6903938862500278
2017,9,4,12,0.5415735512500278
2017,9,4,16,0.33533983675002776
2017,9,4,20,0.4346024855000277
2017,9,4,24,0.49869154600002774
2017,9,5,4,0.6645888105000277
2017,9,5,8,0.6006242160000278
2017,9,5,12,0.4959903842500277
2017,9,5,16,0.4016827130000279
2017,9,5,20,0.47761960050002783
2017,9,5,24,0.4516722247500279
2017,9,6,4,0.49610004000002783
2017,9,6,8,0.29497612325002787
2017,9,6,12,0.19628746600002794
2017,9,6,16,0.08818030875002794
2017,9,6,20,0.05986241650002795
2017,9,6,24,0.04786543550002796
2017,9,7,4,0.21729233350002794
2017,9,7,8,0.39277207175002793
2017,9,7,12,0.40881735675002795
2017,9,7,16,0.15985879400002795
2017,9,7,20,0.10779397875002794
2017,9,7,24,0.12300653825002796
2017,9,8,4,0.5366477870000279
2017,9,8,8,0.6053052072500279
2017,9,8,12,0.40088853100002775
2017,9,8,16,0.20508483825002777
2017,9,8,20,0.2617947105000277
2017,9,8,24,0.2999108030000277
2017,9,9,4,0.7321435410000277
2017,9,9,8,0.6249589172500275
2017,9,9,12,0.4625701607500276
2017,9,9,16,0.2943924672500276
2017,9,9,20,0.3524162920000276
2017,9,9,24,0.40679786675002766
2017,9,10,4,0.6724639297500277
2017,9,10,8,0.6498372695000276
2017,9,10,12,0.5308658110000277
2017,9,10,16,0.36915368075002786
2017,9,10,20,0.3555822602500278
2017,9,10,24,0.33471748925002787
2017,9,11,4,0.6375178050000279
2017,9,11,8,0.5103379255000279
2017,9,11,12,0.3322442765000279
2017,9,11,16,0.1461102445000279
2017,9,11,20,0.09085030175002792
2017,9,11,24,0.08248217550002793
2017,9,12,4,0.35888399425002787
2017,9,12,8,0.4046239707500278
2017,9,12,12,0.3136105832500278
2017,9,12,16,0.14470097450002786
2017,9,12,20,0.09223886125002786
2017,9,12,24,0.11285873025002785
2017,9,13,4,0.39986402950002786
2017,9,13,8,0.36968657900002777
2017,9,13,12,0.3004741375000277
2017,9,13,16,0.13467712275002774
2017,9,13,20,0.06163561300002776
2017,9,13,24,0.08685398475002774
2017,9,14,4,0.5074668000000278
2017,9,14,8,0.5953628587500278
2017,9,14,12,0.4539478955000278
2017,9,14,16,0.23441849050002772
2017,9,14,20,0.24337447475002777
2017,9,14,24,0.2709610162500278
2017,9,15,4,0.6031405595000277
2017,9,15,8,0.6089817780000277
2017,9,15,12,0.5249279577500279
2017,9,15,16,0.4357075242500277
2017,9,15,20,0.5373302110000278
2017,9,15,24,0.5602057832500276
2017,9,16,4,0.6773766117500276
2017,9,16,8,0.6265013790000276
2017,9,16,12,0.4655027202500275
2017,9,16,16,0.2825601895000274
2017,9,16,20,0.22748830325002733
2017,9,16,24,0.24977573375002735
2017,9,17,4,0.38147321375002735
2017,9,17,8,0.3989683047500273
2017,9,17,12,0.34376205275002736
2017,9,17,16,0.20359821050002733
2017,9,17,20,0.16280527925002736
2017,9,17,24,0.17492185325002735
2017,9,18,4,0.35275972800002736
2017,9,18,8,0.43340557100002736
2017,9,18,12,0.38838666150002743
2017,9,18,16,0.24517569500002745
2017,9,18,20,0.2195650667500274
2017,9,18,24,0.19215240550002743
2017,9,19,4,0.5791295442500274
2017,9,19,8,0.6736072140000273
2017,9,19,12,0.6009064190000273
2017,9,19,16,0.5042851627500272
2017,9,19,20,0.6831627670000271
2017,9,19,24,0.7447676882500271
2017,9,20,4,0.840388781250027
2017,9,20,8,0.7919749212500271
2017,9,20,12,0.6262658447500271
2017,9,20,16,0.4076890272500272
2017,9,20,20,0.35846765050002727
2017,9,20,24,0.32431236825002724
2017,9,21,4,0.5362379890000273
2017,9,21,8,0.7259870567500272
2017,9,21,12,0.6695448415000271
2017,9,21,16,0.42626292600002713
2017,9,21,20,0.5515467370000271
2017,9,21,24,0.6276539435000272
2017,9,22,4,0.8074260855000271
2017,9,22,8,0.7326986487500271
2017,9,22,12,0.644490156750027
2017,9,22,16,0.5323796122500271
2017,9,22,20,0.5840276345000269
2017,9,22,24,0.6431739630000269
2017,9,23,4,0.7165906197500269
2017,9,23,8,0.5989677745000269
2017,9,23,12,0.42191799000002705
2017,9,23,16,0.2993655620000269
2017,9,23,20,0.3465467720000268
2017,9,23,24,0.4130788557500268
2017,9,24,4,0.5281039287500268
2017,9,24,8,0.5470239590000268
2017,9,24,12,0.48189352300002675
2017,9,24,16,0.3549906665000268
2017,9,24,20,0.3871417390000268
2017,9,24,24,0.30584733900002675
2017,9,25,4,0.3899222102500268
2017,9,25,8,0.34602650675002683
2017,9,25,12,0.24668686425002678
2017,9,25,16,0.1759206547500268
2017,9,25,20,0.20729074525002678
2017,9,25,24,0.18548444275002682
2017,9,26,4,0.2280591112500268
2017,9,26,8,0.18775989550002675
2017,9,26,12,0.18881474625002675
2017,9,26,16,0.19277911125002672
2017,9,26,20,0.16278551100002675
2017,9,26,24,0.17420639625002673
2017,9,27,4,0.19750715075002673
2017,9,27,8,0.2328419497500267
2017,9,27,12,0.2965197565000267
2017,9,27,16,0.2046606675000267
2017,9,27,20,0.15868662800002672
2017,9,27,24,0.18067064775002675
2017,9,28,4,0.23224506525002675
2017,9,28,8,0.2614071280000268
2017,9,28,12,0.28730917325002675
2017,9,28,16,0.16778269925002678
2017,9,28,20,0.09005387750002677
2017,9,28,24,0.10863027875002677
2017,9,29,4,0.2813397220000268
2017,9,29,8,0.3325288927500268
2017,9,29,12,0.2770060960000269
2017,9,29,16,0.16894082675002686
2017,9,29,20,0.17905732300002683
2017,9,29,24,0.2328152752500268
2017,9,30,4,0.48514728825002684
2017,9,30,8,0.5055700187500269
2017,9,30,12,0.486642434000027
2017,9,30,16,0.4310176590000271
2017,9,30,20,0.543797210750027
2017,9,30,24,0.547885365500027
2017,10,1,4,0.7010064260000268
2017,10,1,8,0.7057818115000267
2017,10,1,12,0.6537936092500268
2017,10,1,16,0.5826924827500266
2017,10,1,20,0.6232270185000265
2017,10,1,24,0.6742314097500265
2017,10,2,4,0.7405683250000265
2017,10,2,8,0.6740384665000264
2017,10,2,12,0.5546708955000265
2017,10,2,16,0.4357003097500265
2017,10,2,20,0.5122822195000265
2017,10,2,24,0.5665668957500266
2017,10,3,4,0.6360066360000266
2017,10,3,8,0.6300235140000268
2017,10,3,12,0.5556128840000268
2017,10,3,16,0.45023744150002687
2017,10,3,20,0.36759030750002686
2017,10,3,24,0.3042190857500268
2017,10,4,4,0.4063817880000268
2017,10,4,8,0.3726364302500267
2017,10,4,12,0.32559471300002674
2017,10,4,16,0.2108126215000268
2017,10,4,20,0.21516276275002683
2017,10,4,24,0.22408244475002687
2017,10,5,4,0.32817144075002685
2017,10,5,8,0.33525681450002687
2017,10,5,12,0.2779072335000268
2017,10,5,16,0.17544961375002677
2017,10,5,20,0.11947696475002681
2017,10,5,24,0.10246079225002681
2017,10,6,4,0.2560569185000268
2017,10,6,8,0.28482938925002677
2017,10,6,12,0.32900184225002665
2017,10,6,16,0.28525886775002673
2017,10,6,20,0.33554798575002676
2017,10,6,24,0.49336082725002683
2017,10,7,4,0.7413460395000268
2017,10,7,8,0.7289883917500268
2017,10,7,12,0.7052457370000269
2017,10,7,16,0.5289695080000268
2017,10,7,20,0.4457768357500269
2017,10,7,24,0.44922506425002695
2017,10,8,4,0.704396459000027
2017,10,8,8,0.763645491250027
2017,10,8,12,0.6513178895000271
2017,10,8,16,0.40976812275002694
2017,10,8,20,0.4013899947500269
2017,10,8,24,0.39876193500002693
2017,10,9,4,0.711022594500027
2017,10,9,8,0.652731257500027
2017,10,9,12,0.666566006000027
2017,10,9,16,0.5542834845000272
2017,10,9,20,0.46867002200002716
2017,10,9,24,0.44293023925002717
2017,10,10,4,0.5295668200000272
2017,10,10,8,0.6374139022500273
2017,10,10,12,0.6164064622500274
2017,10,10,16,0.41714848825002737
2017,10,10,20,0.25357161925002736
2017,10,10,24,0.2285643482500274
2017,10,11,4,0.4869772227500274
2017,10,11,8,0.5028329390000275
2017,10,11,12,0.45702166775002745
2017,10,11,16,0.3074038292500275
2017,10,11,20,0.3469990375000274
2017,10,11,24,0.4203740300000274
2017,10,12,4,0.7023228835000274
2017,10,12,8,0.7024307600000275
2017,10,12,12,0.5769019752500273
2017,10,12,16,0.4140167457500274
2017,10,12,20,0.47621437025002755
2017,10,12,24,0.5793285732500276
2017,10,13,4,0.7265780695000279
2017,10,13,8,0.5704638930000279
2017,10,13,12,0.47115827475002797
2017,10,13,16,0.307777894750028
2017,10,13,20,0.21260944575002794
2017,10,13,24,0.230779531250028
2017,10,14,4,0.5337132522500281
2017,10,14,8,0.4521637717500281
2017,10,14,12,0.3928610065000281
2017,10,14,16,0.37956327825002817
2017,10,14,20,0.5123191697500281
2017,10,14,24,0.632979645250028
2017,10,15,4,0.7923400007500279
2017,10,15,8,0.814025771750028
2017,10,15,12,0.7560412645000278
2017,10,15,16,0.5116621362500279
2017,10,15,20,0.4296859027500278
2017,10,15,24,0.4348184362500277
2017,10,16,4,0.4227873762500276
2017,10,16,8,0.49125647225002755
2017,10,16,12,0.5091854215000275
2017,10,16,16,0.4008240575000273
2017,10,16,20,0.41882872925002723
2017,10,16,24,0.48525603775002707
2017,10,17,4,0.6325868085000271
2017,10,17,8,0.6452666007500271
2017,10,17,12,0.590389509750027
2017,10,17,16,0.435732220000027
2017,10,17,20,0.327058653250027
2017,10,17,24,0.446583569750027
2017,10,18,4,0.856238230750027
2017,10,18,8,0.9318739875000275
2017,10,18,12,0.8310516175000274
2017,10,18,16,0.5469347777500273
2017,10,18,20,0.49361605325002733
2017,10,18,24,0.4534083270000273
2017,10,19,4,0.6252856915000272
2017,10,19,8,0.6471663012500272
2017,10,19,12,0.5716852070000271
2017,10,19,16,0.3953110597500269
2017,10,19,20,0.3334874800000269
2017,10,19,24,0.5236922832500269
2017,10,20,4,0.8577684285000269
2017,10,20,8,0.866718229500027
2017,10,20,12,0.7729105785000266
2017,10,20,16,0.6544255185000267
2017,10,20,20,0.7704055282500268
2017,10,20,24,0.8688406592500267
2017,10,21,4,0.9613005052500267
2017,10,21,8,0.9550479677500268
2017,10,21,12,0.9301909572500269
2017,10,21,16,0.8490140657500268
2017,10,21,20,0.8411723870000269
2017,10,21,24,0.7762219840000266
2017,10,22,4,0.7617114147500268
2017,10,22,8,0.6899064885000269
2017,10,22,12,0.5943259035000268
2017,10,22,16,0.41794215575002686
2017,10,22,20,0.4251215035000268
2017,10,22,24,0.4952675990000267
2017,10,23,4,0.7127341390000268
2017,10,23,8,0.8719134777500266
2017,10,23,12,0.8553655727500264
2017,10,23,16,0.7429640507500264
2017,10,23,20,0.8370160782500262
2017,10,23,24,0.8457884280000265
2017,10,24,4,0.9161562455000263
2017,10,24,8,0.8463552722500263
2017,10,24,12,0.8138374597500261
2017,10,24,16,0.7164449237500261
2017,10,24,20,0.767093792000026
2017,10,24,24,0.7636290455000261
2017,10,25,4,0.7461378387500259
2017,10,25,8,0.728808121750026
2017,10,25,12,0.7895939307500259
2017,10,25,16,0.5261939195000258
2017,10,25,20,0.28690282600002587
2017,10,25,24,0.36831200000002584
2017,10,26,4,0.8123644277500257
2017,10,26,8,0.9337626565000257
2017,10,26,12,0.8645812222500258
2017,10,26,16,0.7589156977500259
2017,10,26,20,0.8067837525000259
2017,10,26,24,0.822056468000026
2017,10,27,4,0.8522144950000261
2017,10,27,8,0.8353965110000261
2017,10,27,12,0.7999974542500262
2017,10,27,16,0.7118862132500263
2017,10,27,20,0.6277699595000261
2017,10,27,24,0.5575548820000261
2017,10,28,4,0.5071387385000262
2017,10,28,8,0.4260133907500262
2017,10,28,12,0.4370735917500262
2017,10,28,16,0.2867953352500262
2017,10,28,20,0.20186264950002616
2017,10,28,24,0.2573069400000262
2017,10,29,4,0.43602332725002624
2017,10,29,8,0.7232906940000263
2017,10,29,12,0.7481894842500262
2017,10,29,16,0.5405325320000263
2017,10,29,20,0.45062937125002633
2017,10,29,24,0.5433894960000264
2017,10,30,4,0.7520552355000263
2017,10,30,8,0.8126169542500266
2017,10,30,12,0.8018986257500265
2017,10,30,16,0.7915656700000264
2017,10,30,20,0.7506266445000264
2017,10,30,24,0.6426311867500265
2017,10,31,4,0.5480132277500264
2017,10,31,8,0.3736574187500264
2017,10,31,12,0.24293725950002626
2017,10,31,16,0.21563696350002629
2017,10,31,20,0.2879704242500262
2017,10,31,24,0.3522676062500263
2017,11,1,4,0.5488284167500264
2017,11,1,8,0.5663666320000263
2017,11,1,12,0.5297237290000264
2017,11,1,16,0.45035622450002655
2017,11,1,20,0.4816659575000265
2017,11,1,24,0.44911581050002636
2017,11,2,4,0.5607324832500263
2017,11,2,8,0.5042997747500264
2017,11,2,12,0.44965433450002645
2017,11,2,16,0.3730913530000266
2017,11,2,20,0.3298780515000266
2017,11,2,24,0.3169932997500266
2017,11,3,4,0.43907685575002653
2017,11,3,8,0.35861566175002646
2017,11,3,12,0.30887919375002654
2017,11,3,16,0.2590712067500265
2017,11,3,20,0.2520806845000265
2017,11,3,24,0.2734295720000265
2017,11,4,4,0.41814875425002646
2017,11,4,8,0.4142020482500263
2017,11,4,12,0.36086781450002636
2017,11,4,16,0.3177385247500264
2017,11,4,20,0.3054309022500264
2017,11,4,24,0.3280735515000264
2017,11,5,4,0.45404792625002643
2017,11,5,8,0.5221729595000264
2017,11,5,12,0.5144014512500265
2017,11,5,16,0.38880681175002646
2017,11,5,20,0.31346834800002643
2017,11,5,24,0.28728536225002643
2017,11,6,4,0.3389091665000265
2017,11,6,8,0.2648308465000266
2017,11,6,12,0.19969814075002656
2017,11,6,16,0.13827549750002663
2017,11,6,20,0.10136340525002657
2017,11,6,24,0.13774523700002653
2017,11,7,4,0.2638438787500266
2017,11,7,8,0.23283635850002654
2017,11,7,12,0.22924057450002655
2017,11,7,16,0.21243642875002655
2017,11,7,20,0.23366902250002658
2017,11,7,24,0.2649837340000266
2017,11,8,4,0.3277479685000266
2017,11,8,8,0.31014723300002645
2017,11,8,12,0.2305527580000265
2017,11,8,16,0.17016883175002656
2017,11,8,20,0.16527462925002656
2017,11,8,24,0.2165126512500266
2017,11,9,4,0.38327897000002664
2017,11,9,8,0.40966951750002667
2017,11,9,12,0.3809977600000268
2017,11,9,16,0.28313375725002676
2017,11,9,20,0.23163474325002675
2017,11,9,24,0.2657934972500268
2017,11,10,4,0.4604603725000268
2017,11,10,8,0.4505612232500268
2017,11,10,12,0.4291015910000268
2017,11,10,16,0.44364260875002676
2017,11,10,20,0.45688877600002675
2017,11,10,24,0.5255087275000268
2017,11,11,4,0.629586919500027
2017,11,11,8,0.5120171050000268
2017,11,11,12,0.41141194000002695
2017,11,11,16,0.3274922110000269
2017,11,11,20,0.23915792250002693
2017,11,11,24,0.22297309975002688
2017,11,12,4,0.2978103612500269
2017,11,12,8,0.26210424050002684
2017,11,12,12,0.2540193607500269
2017,11,12,16,0.21744983575002685
2017,11,12,20,0.11244025125002685
2017,11,12,24,0.14066380925002686
2017,11,13,4,0.3894621420000268
2017,11,13,8,0.4051447170000268
2017,11,13,12,0.34634015525002676
2017,11,13,16,0.27851921400002677
2017,11,13,20,0.25323872900002675
2017,11,13,24,0.3361640342500268
2017,11,14,4,0.6054961352500268
2017,11,14,8,0.5744062742500268
2017,11,14,12,0.5257436922500268
2017,11,14,16,0.46500636600002687
2017,11,14,20,0.36402963725002685
2017,11,14,24,0.5942056562500269
2017,11,15,4,0.7806916675000268
2017,11,15,8,0.7234957557500268
2017,11,15,12,0.6938560940000269
2017,11,15,16,0.631478120250027
2017,11,15,20,0.5031856905000269
2017,11,15,24,0.4059759105000269
2017,11,16,4,0.5142086845000269
2017,11,16,8,0.450462833500027
2017,11,16,12,0.44588606475002707
2017,11,16,16,0.46376101200002706
2017,11,16,20,0.5400790795000271
2017,11,16,24,0.6850979995000273
2017,11,17,4,0.8506892960000274
2017,11,17,8,0.8049004722500273
2017,11,17,12,0.7023917417500272
2017,11,17,16,0.5304404075000272
2017,11,17,20,0.3953762840000273
2017,11,17,24,0.49994862125002726
2017,11,18,4,0.6177701080000274
2017,11,18,8,0.6699953612500273
2017,11,18,12,0.7329531827500274
2017,11,18,16,0.7734697522500275
2017,11,18,20,0.8666479495000275
2017,11,18,24,0.8143219372500275
2017,11,19,4,0.6768841740000279
2017,11,19,8,0.5488852750000278
2017,11,19,12,0.4997156830000278
2017,11,19,16,0.3953896870000277
2017,11,19,20,0.2888155800000276
2017,11,19,24,0.4347872865000277
2017,11,20,4,0.7598380170000276
2017,11,20,8,0.8603182937500276
2017,11,20,12,0.8393496800000275
2017,11,20,16,0.6923009382500276
2017,11,20,20,0.6375071980000274
2017,11,20,24,0.7796381585000274
2017,11,21,4,0.8541697692500274
2017,11,21,8,0.7965657720000274
2017,11,21,12,0.7636427447500275
2017,11,21,16,0.6996301982500274
2017,11,21,20,0.6956376967500275
2017,11,21,24,0.6002867390000275
2017,11,22,4,0.46456061425002737
2017,11,22,8,0.3866773585000275
2017,11,22,12,0.3518675650000275
2017,11,22,16,0.3557979470000276
2017,11,22,20,0.3800857090000276
2017,11,22,24,0.4580843650000276
2017,11,23,4,0.5447530410000276
2017,11,23,8,0.5756268230000274
2017,11,23,12,0.5740626647500273
2017,11,23,16,0.4390209890000274
2017,11,23,20,0.23857443850002735
2017,11,23,24,0.4333014257500274
2017,11,24,4,0.7937314052500273
2017,11,24,8,0.9522120572500274
2017,11,24,12,0.8971194502500274
2017,11,24,16,0.7482867842500274
2017,11,24,20,0.6556882210000274
2017,11,24,24,0.7763393365000275
2017,11,25,4,0.8098255037500275
2017,11,25,8,0.7146715440000276
2017,11,25,12,0.6388113165000278
2017,11,25,16,0.42747962075002777
2017,11,25,20,0.20508414750002774
2017,11,25,24,0.2424473640000277
2017,11,26,4,0.45309521475002773
2017,11,26,8,0.5337472732500277
2017,11,26,12,0.4959058817500278
2017,11,26,16,0.3678851845000277
2017,11,26,20,0.16035183925002766
2017,11,26,24,0.26901255500002774
2017,11,27,4,0.6679315827500278
2017,11,27,8,0.8353983715000279
2017,11,27,12,0.8112011622500279
2017,11,27,16,0.703096294750028
2017,11,27,20,0.649367815500028
2017,11,27,24,0.8663196820000281
2017,11,28,4,0.9514459572500281
2017,11,28,8,0.8975078867500281
2017,11,28,12,0.8229870555000282
2017,11,28,16,0.7266519467500283
2017,11,28,20,0.6628558005000282
2017,11,28,24,0.5859377740000281
2017,11,29,4,0.6388490525000281
2017,11,29,8,0.6253506660000282
2017,11,29,12,0.6267340015000282
2017,11,29,16,0.5914389055000281
2017,11,29,20,0.5402608320000282
2017,11,29,24,0.6091908250000281
2017,11,30,4,0.6720934620000281
2017,11,30,8,0.7104533490000281
2017,11,30,12,0.692948634500028
2017,11,30,16,0.5172403797500279
2017,11,30,20,0.2611467607500279
2017,11,30,24,0.28384837300002785
2017,12,1,4,0.48849386500002784
2017,12,1,8,0.5768041032500281
2017,12,1,12,0.556662306500028
2017,12,1,16,0.45168643050002805
2017,12,1,20,0.328253476500028
2017,12,1,24,0.42454062000002796
2017,12,2,4,0.5417332707500278
2017,12,2,8,0.5001648980000277
2017,12,2,12,0.4397853255000278
2017,12,2,16,0.3463078610000279
2017,12,2,20,0.10668576425002789
2017,12,2,24,0.16744329000002786
2017,12,3,4,0.3480496807500279
2017,12,3,8,0.4763221722500278
2017,12,3,12,0.41159170925002786
2017,12,3,16,0.34258840075002783
2017,12,3,20,0.28053530350002787
2017,12,3,24,0.6301911045000279
2017,12,4,4,0.789659774750028
2017,12,4,8,0.765872439250028
2017,12,4,12,0.785784846750028
2017,12,4,16,0.7932380930000281
2017,12,4,20,0.8292290707500283
2017,12,4,24,0.8449754362500282
2017,12,5,4,0.842460473250028
2017,12,5,8,0.8048701075000279
2017,12,5,12,0.7408216672500278
2017,12,5,16,0.6786706300000279
2017,12,5,20,0.663259821250028
2017,12,5,24,0.6496091067500281
2017,12,6,4,0.6699932682500281
2017,12,6,8,0.661617571000028
2017,12,6,12,0.666347542250028
2017,12,6,16,0.6374055840000279
2017,12,6,20,0.720562007750028
2017,12,6,24,0.7348532965000281
2017,12,7,4,0.714592748000028
2017,12,7,8,0.539288771250028
2017,12,7,12,0.4257555115000281
2017,12,7,16,0.3931556387500281
2017,12,7,20,0.4042248742500281
2017,12,7,24,0.4674751642500282
2017,12,8,4,0.5101042707500283
2017,12,8,8,0.5316874157500283
2017,12,8,12,0.5683930645000286
2017,12,8,16,0.5410954367500284
2017,12,8,20,0.5881679470000284
2017,12,8,24,0.7086636130000283
2017,12,9,4,0.7931022935000284
2017,12,9,8,0.8200034710000286
2017,12,9,12,0.7829943970000286
2017,12,9,16,0.6406001110000284
2017,12,9,20,0.4119234432500285
2017,12,9,24,0.4742773780000285
2017,12,10,4,0.5561758392500286
2017,12,10,8,0.7077529380000285
2017,12,10,12,0.7953676235000284
2017,12,10,16,0.6989050597500284
2017,12,10,20,0.3163512970000285
2017,12,10,24,0.4250644892500285
2017,12,11,4,0.5610252225000284
2017,12,11,8,0.7443458640000284
2017,12,11,12,0.8654326697500283
2017,12,11,16,0.7963521725000282
2017,12,11,20,0.6214328682500282
2017,12,11,24,0.6794635082500282
2017,12,12,4,0.6826584695000282
2017,12,12,8,0.6402029495000283
2017,12,12,12,0.5653814500000285
2017,12,12,16,0.44904287875002846
2017,12,12,20,0.2608354370000284
2017,12,12,24,0.4549340565000285
2017,12,13,4,0.8039525077500284
2017,12,13,8,0.8729923365000283
2017,12,13,12,0.8672105950000281
2017,12,13,16,0.801509238500028
2017,12,13,20,0.712863872500028
2017,12,13,24,0.6690256970000281
2017,12,14,4,0.6444812690000279
2017,12,14,8,0.472328452000028
2017,12,14,12,0.44279277800002803
2017,12,14,16,0.4102565902500281
2017,12,14,20,0.43753342975002807
2017,12,14,24,0.475598594250028
2017,12,15,4,0.5267719697500279
2017,12,15,8,0.5325671740000278
2017,12,15,12,0.5077734365000278
2017,12,15,16,0.44531112850002785
2017,12,15,20,0.35624081675002783
2017,12,15,24,0.5380505345000277
2017,12,16,4,0.8131330180000278
2017,12,16,8,0.7875257887500278
2017,12,16,12,0.6586718070000279
2017,12,16,16,0.41656774700002785
2017,12,16,20,0.30437471675002803
2017,12,16,24,0.4266074027500279
2017,12,17,4,0.4811882157500279
2017,12,17,8,0.34026729425002783
2017,12,17,12,0.2578464185000278
2017,12,17,16,0.22120124525002793
2017,12,17,20,0.1698984187500279
2017,12,17,24,0.2456287200000279
2017,12,18,4,0.42622939075002797
2017,12,18,8,0.5327072900000278
2017,12,18,12,0.5377170305000276
2017,12,18,16,0.4583709972500278
2017,12,18,20,0.39611411175002786
2017,12,18,24,0.6225842182500281
2017,12,19,4,0.7953091190000279
2017,12,19,8,0.739124044250028
2017,12,19,12,0.615207830000028
2017,12,19,16,0.465075303750028
2017,12,19,20,0.352329026750028
2017,12,19,24,0.35319398950002795
2017,12,20,4,0.46647672850002797
2017,12,20,8,0.44701063325002793
2017,12,20,12,0.4629603977500279
2017,12,20,16,0.4229055432500278
2017,12,20,20,0.3494056942500277
2017,12,20,24,0.47918329325002773
2017,12,21,4,0.6256278165000276
2017,12,21,8,0.5607982882500278
2017,12,21,12,0.5434547522500277
2017,12,21,16,0.4801727585000278
2017,12,21,20,0.3868386787500277
2017,12,21,24,0.4122846912500277
2017,12,22,4,0.4375831872500277
2017,12,22,8,0.3428156490000277
2017,12,22,12,0.2957411195000278
2017,12,22,16,0.26525673500002783
2017,12,22,20,0.24823834075002785
2017,12,22,24,0.29840813200002775
2017,12,23,4,0.3066051900000277
2017,12,23,8,0.33444478450002774
2017,12,23,12,0.3490962885000276
2017,12,23,16,0.30257218025002763
2017,12,23,20,0.26912437475002765
2017,12,23,24,0.3827151437500277
2017,12,24,4,0.5063852647500278
2017,12,24,8,0.48147523550002774
2017,12,24,12,0.5090608142500277
2017,12,24,16,0.49269562250002785
2017,12,24,20,0.5241441777500279
2017,12,24,24,0.5045008302500278
2017,12,25,4,0.44466526600002787
2017,12,25,8,0.4083711467500278
2017,12,25,12,0.3797587902500278
2017,12,25,16,0.38044207375002775
2017,12,25,20,0.4628165750000277
2017,12,25,24,0.3775388552500277
2017,12,26,4,0.3519859215000277
2017,12,26,8,0.2682997305000277
2017,12,26,12,0.21018728900002775
2017,12,26,16,0.18641675375002778
2017,12,26,20,0.17541112600002778
2017,12,26,24,0.1857191695000278
2017,12,27,4,0.17616084975002777
2017,12,27,8,0.1897626497500278
2017,12,27,12,0.18721802775002777
2017,12,27,16,0.18638562550002774
2017,12,27,20,0.23692266200002776
2017,12,27,24,0.2989345580000278
2017,12,28,4,0.36162466000002774
2017,12,28,8,0.38709655475002774
2017,12,28,12,0.35568661050002776
2017,12,28,16,0.2891650972500277
2017,12,28,20,0.16342022400002773
2017,12,28,24,0.15409736425002774
2017,12,29,4,0.22424375725002776
2017,12,29,8,0.25796157600002767
2017,12,29,12,0.28804559200002766
2017,12,29,16,0.3105329655000276
2017,12,29,20,0.3245467362500276
2017,12,29,24,0.4021586067500277
2017,12,30,4,0.5286649252500276
2017,12,30,8,0.5319602987500277
2017,12,30,12,0.4854104877500277
2017,12,30,16,0.3759722855000278
2017,12,30,20,0.20512857375002783
2017,12,30,24,0.1645291375000278
2017,12,31,4,0.16815393575002777
2017,12,31,8,0.15956895150002773
2017,12,31,12,0.2215882087500277
2017,12,31,16,0.28859294625002774
2017,12,31,20,0.22018224150002774
2017,12,31,24,0.2053761452500277
